Room Temparature,Room Humidity (%),Outside Temp,Outside Humid (%),T.Offset,H.Offset,Set Temperature ,Volt,Amp,Energy,Target,Com_Target,Hum_Target,Volt_Target,Amp_Target
28.225,68.33333333,31.75,78,3.525,9.666666667,24,225.25,0.257,1.4,1.4,29.28653846,69.08653846,225.25,0.257
29.28653846,69.08653846,31.75,78,2.463461538,8.913461538,24,225.25,0.257,1.4,1.4,27.40647482,49.64028777,225.25,0.257
27.40647482,49.64028777,31.75,78,4.34352518,28.35971223,24,225.25,0.257,1.4,1.4,25.99913043,43.52173913,225.25,0.257
25.99913043,43.52173913,31.74913043,78,5.75,34.47826087,24,225.25,0.257,1.4,1.5,25.89711957,50.12228261,225.1008889,0.2605
25.89711957,50.12228261,32.429375,75.09782609,,,24,225.1008889,0.2605,1.5,1.6,25.7951087,56.72282609,224.9517778,0.264
25.7951087,56.72282609,33.10961957,72.19565217,7.31451087,15.47282609,24,224.9517778,0.264,1.6,1.7,27.77288136,62.10169492,224.8026667,0.2675
27.77288136,62.10169492,31.88949153,65.50847458,4.116610169,3.406779661,24,224.8026667,0.2675,1.7,1.8,28.64872727,70.26545455,224.6535556,0.271
28.64872727,70.26545455,31.8,65,3.151272727,-5.265454545,24,224.6535556,0.271,1.8,1.9,29.19862069,71.00689655,224.5044444,0.2745
29.19862069,71.00689655,31.8,65,2.60137931,-6.006896552,24,224.5044444,0.2745,1.9,2,29.5,71,224.3553333,0.278
29.5,71,31.8,65,2.3,-6,24,224.3553333,0.278,2,2.1,29.5919863,71.44760274,224.2062222,0.2815
29.5919863,71.44760274,31.218,67.75616438,,,24,224.2062222,0.2815,2.1,2.2,29.6839726,71.89520548,224.0571111,0.285
29.6839726,71.89520548,30.636,70.51232877,,,24,224.0571111,0.285,2.2,2.3,29.7759589,72.34280822,223.908,0.2885
29.7759589,72.34280822,30.054,73.26849315,,,24,223.908,0.2885,2.3,2.4,29.86794521,72.79041096,223.7588889,0.292
29.86794521,72.79041096,29.472,76.02465753,,,24,223.7588889,0.292,2.4,2.5,29.95993151,73.2380137,223.6097778,0.2955
29.95993151,73.2380137,28.89,78.78082192,,,24,223.6097778,0.2955,2.5,2.6,30.05191781,73.68561644,223.4606667,0.299
30.05191781,73.68561644,28.308,81.5369863,,,24,223.4606667,0.299,2.6,2.7,30.14390411,74.13321918,223.3115556,0.3025
30.14390411,74.13321918,27.726,84.29315068,,,24,223.3115556,0.3025,2.7,2.8,30.23589041,74.58082192,223.1624444,0.306
30.23589041,74.58082192,27.144,87.04931507,,,24,223.1624444,0.306,2.8,2.9,30.32787671,75.02842466,223.0133333,0.3095
30.32787671,75.02842466,26.562,89.80547945,,,24,223.0133333,0.3095,2.9,3,30.41986301,75.4760274,222.8642222,0.313
30.41986301,75.4760274,25.98,92.56164384,-4.439863014,17.08561644,24,222.8642222,0.313,3,3.1,30.45186441,72.93559322,222.7151111,0.3165
30.45186441,72.93559322,29.69118644,89.96610169,-0.760677966,17.03050847,24,222.7151111,0.3165,3.1,3.2,30.25307443,71.60194175,222.566,0.32
30.25307443,71.60194175,32.16841424,84.08737864,1.915339806,12.48543689,24,222.566,0.32,3.2,3.5,28.49722222,61.52777778,222.1685,0.3325
28.49722222,61.52777778,32.52,83,4.022777778,21.47222222,24,222.1685,0.3325,3.5,3.8,28.02006803,69.97959184,221.771,0.345
28.02006803,69.97959184,33.18343537,81.65306122,5.163367347,11.67346939,24,221.771,0.345,3.8,4.1,29.31390728,77.95033113,221.3735,0.3575
29.31390728,77.95033113,34.9884106,77.29470199,5.674503311,-0.655629139,24,221.3735,0.3575,4.1,4.4,29.62739726,72.63356164,220.976,0.37
29.62739726,72.63356164,36.81188356,74,7.184486301,1.366438356,24,220.976,0.37,4.4,4.9,29.46151203,57.64604811,222.1345,0.3975
29.46151203,57.64604811,38.79,74,9.328487973,16.35395189,24,222.1345,0.3975,4.9,5.4,27.80448276,63.10689655,223.293,0.425
27.80448276,63.10689655,38.79,74,10.98551724,10.89310345,24,223.293,0.425,5.4,5.9,27.74307116,65.09737828,224.4515,0.4525
27.74307116,65.09737828,36.36453184,73.31086142,8.621460674,8.213483146,24,224.4515,0.4525,5.9,6.4,28.13745583,68.03886926,225.61,0.48
28.13745583,68.03886926,33.81798587,74,5.680530035,5.961130742,24,225.61,0.48,6.4,6.40625,29.05063694,70.44585987,225.607625,0.471875
29.05063694,70.44585987,33.45,74,4.399363057,3.554140127,24,225.607625,0.471875,6.40625,6.4125,29.44968354,72.86075949,225.60525,0.46375
29.44968354,72.86075949,34.35272152,78.41455696,4.903037975,5.553797468,24,225.60525,0.46375,6.4125,6.41875,29.54056604,73,225.602875,0.455625
29.54056604,73,34.47,79,4.929433962,6,24,225.602875,0.455625,6.41875,6.425,29.64,73,225.6005,0.4475
29.64,73,34.47,79,4.83,6,24,225.6005,0.4475,6.425,6.43125,29.68312538,73.1235474,225.598125,0.439375
29.68312538,73.1235474,34.40991437,78.3911315,,,24,225.598125,0.439375,6.43125,6.4375,29.72625076,73.2470948,225.59575,0.43125
29.72625076,73.2470948,34.34982875,77.782263,,,24,225.59575,0.43125,6.4375,6.44375,29.76937615,73.3706422,225.593375,0.423125
29.76937615,73.3706422,34.28974312,77.1733945,,,24,225.593375,0.423125,6.44375,6.45,29.81250153,73.4941896,225.591,0.415
29.81250153,73.4941896,34.22965749,76.56452599,,,24,225.591,0.415,6.45,6.45625,29.85562691,73.617737,225.588625,0.406875
29.85562691,73.617737,34.16957187,75.95565749,,,24,225.588625,0.406875,6.45625,6.4625,29.89875229,73.7412844,225.58625,0.39875
29.89875229,73.7412844,34.10948624,75.34678899,,,24,225.58625,0.39875,6.4625,6.46875,29.94187768,73.8648318,225.583875,0.390625
29.94187768,73.8648318,34.04940061,74.73792049,,,24,225.583875,0.390625,6.46875,6.475,29.98500306,73.9883792,225.5815,0.3825
29.98500306,73.9883792,33.98931498,74.12905199,,,24,225.5815,0.3825,6.475,6.48125,30.02812844,74.11192661,225.579125,0.374375
30.02812844,74.11192661,33.92922936,73.52018349,,,24,225.579125,0.374375,6.48125,6.4875,30.07125382,74.23547401,225.57675,0.36625
30.07125382,74.23547401,33.86914373,72.91131498,3.797889908,-1.324159021,24,225.57675,0.36625,6.4875,6.49375,30.12215385,74.17230769,225.574375,0.358125
30.12215385,74.17230769,34.99,70,4.867846154,-4.172307692,24,225.574375,0.358125,6.49375,6.5,29.886875,66.109375,225.572,0.35
29.886875,66.109375,36.166875,66.6375,6.28,0.528125,24,225.572,0.35,6.5,6.5,29.66645768,51.97492163,226.0464,0.352
29.66645768,51.97492163,36.39,66,6.72354232,14.02507837,24,226.0464,0.352,6.5,6.5,29.52735849,48.09119497,226.5208,0.354
29.52735849,48.09119497,37.42773585,62.67924528,7.900377358,14.58805031,24,226.5208,0.354,6.5,6.5,29.4507837,49.23197492,226.9952,0.356
29.4507837,49.23197492,37.12351097,57.76175549,7.672727273,8.529780564,24,226.9952,0.356,6.5,6.5,29.595,61.959375,227.4696,0.358
29.595,61.959375,38.801875,52.5625,9.206875,-9.396875,24,227.4696,0.358,6.5,6.5,28.96925466,68.00931677,227.944,0.36
28.96925466,68.00931677,39.04,52,10.07074534,-16.00931677,24,227.944,0.36,6.5,6.710526316,26.74113924,62.5221519,228.1130263,0.723157895
26.74113924,62.5221519,38.80689873,52.55063291,12.06575949,-9.971518987,23.84210526,228.1130263,0.723157895,6.710526316,6.921052632,25.755,58.15625,228.2820526,1.086315789
25.755,58.15625,37.77,55,12.015,-3.15625,23.68421053,228.2820526,1.086315789,6.921052632,7.131578947,25.66018809,56.18808777,228.4510789,1.449473684
25.66018809,56.18808777,38.14278997,58.79623824,12.48260188,2.60815047,23.52631579,228.4510789,1.449473684,7.131578947,7.342105263,26.30340557,61.80495356,228.6201053,1.812631579
26.30340557,61.80495356,37.24139319,63.2755418,10.93798762,1.470588235,23.36842105,228.6201053,1.812631579,7.342105263,7.552631579,28.02689873,74.20253165,228.7891316,2.175789474
28.02689873,74.20253165,35.74851266,66,7.721613924,-8.202531646,23.21052632,228.7891316,2.175789474,7.552631579,7.763157895,28.62634921,77.06984127,228.9581579,2.538947368
28.62634921,77.06984127,34.06,66,5.433650794,-11.06984127,23.05263158,228.9581579,2.538947368,7.763157895,7.973684211,28.9,77,229.1271842,2.902105263
28.9,77,34.06,66,5.16,-11,22.89473684,229.1271842,2.902105263,7.973684211,8.184210526,29.01282609,77.09378882,229.2962105,3.265263158
29.01282609,77.09378882,33.90599068,67.7,,,22.73684211,229.2962105,3.265263158,8.184210526,8.394736842,29.12565217,77.18757764,229.4652368,3.628421053
29.12565217,77.18757764,33.75198137,69.4,,,22.57894737,229.4652368,3.628421053,8.394736842,8.605263158,29.23847826,77.28136646,229.6342632,3.991578947
29.23847826,77.28136646,33.59797205,71.1,,,22.42105263,229.6342632,3.991578947,8.605263158,8.815789474,29.35130435,77.37515528,229.8032895,4.354736842
29.35130435,77.37515528,33.44396273,72.8,,,22.26315789,229.8032895,4.354736842,8.815789474,9.026315789,29.46413043,77.4689441,229.9723158,4.717894737
29.46413043,77.4689441,33.28995342,74.5,,,22.10526316,229.9723158,4.717894737,9.026315789,9.236842105,29.57695652,77.56273292,230.1413421,5.081052632
29.57695652,77.56273292,33.1359441,76.2,,,21.94736842,230.1413421,5.081052632,9.236842105,9.447368421,29.68978261,77.65652174,230.3103684,5.444210526
29.68978261,77.65652174,32.98193478,77.9,,,21.78947368,230.3103684,5.444210526,9.447368421,9.657894737,29.8026087,77.75031056,230.4793947,5.807368421
29.8026087,77.75031056,32.82792547,79.6,,,21.63157895,230.4793947,5.807368421,9.657894737,9.868421053,29.91543478,77.84409938,230.6484211,6.170526316
29.91543478,77.84409938,32.67391615,81.3,,,21.47368421,230.6484211,6.170526316,9.868421053,10.07894737,30.02826087,77.9378882,230.8174474,6.533684211
30.02826087,77.9378882,32.51990683,83,2.491645963,5.062111801,21.31578947,230.8174474,6.533684211,10.07894737,10.28947368,30.10625,77.915625,230.9864737,6.896842105
30.10625,77.915625,34.655375,82.234375,4.549125,4.31875,21.15789474,230.9864737,6.896842105,10.28947368,10.5,30.20654206,78,231.1555,7.26
30.20654206,78,36.76869159,79,6.562149533,1,21,231.1555,7.26,10.5,11.7,27.48025078,57.32288401,222.119,6.59
27.48025078,57.32288401,38.74874608,74.57053292,11.2684953,17.2476489,21,222.119,6.59,11.7,13.2,25.39563636,45.24363636,222.1925,4.585
25.39563636,45.24363636,41.35712727,67.12,15.96149091,21.87636364,21,222.1925,4.585,13.2,14.7,24.53464567,50.20472441,222.266,2.58
24.53464567,50.20472441,40.77537255,62.84705882,16.24385827,12.62992126,21,222.266,2.58,14.7,14.86153846,24.4368254,56.74285714,222.3729231,2.659557692
24.4368254,56.74285714,40.72285714,60.95238095,16.28603175,4.20952381,20.98076923,222.3729231,2.659557692,14.86153846,15.02307692,24.17886435,59.45425868,222.4798462,2.739115385
24.17886435,59.45425868,39.98,62,15.80113565,2.545741325,20.96153846,222.4798462,2.739115385,15.02307692,15.18461538,24.20063091,60.0977918,222.5867692,2.818673077
24.20063091,60.0977918,38.74201893,57.97791798,14.54138801,-2.119873817,20.94230769,222.5867692,2.818673077,15.18461538,15.34615385,24.00684932,56.06849315,222.6936923,2.898230769
24.00684932,56.06849315,37.39099315,55,13.38414384,-1.068493151,20.92307692,222.6936923,2.898230769,15.34615385,15.50769231,24.02159273,56.17646603,222.8006154,2.977788462
24.02159273,56.17646603,37.33358688,55.40950469,,,20.90384615,222.8006154,2.977788462,15.50769231,15.66923077,24.03633615,56.28443891,222.9075385,3.057346154
24.03633615,56.28443891,37.2761806,55.81900937,,,20.88461538,222.9075385,3.057346154,15.66923077,15.83076923,24.05107956,56.39241179,223.0144615,3.136903846
24.05107956,56.39241179,37.21877433,56.22851406,,,20.86538462,223.0144615,3.136903846,15.83076923,15.99230769,24.06582298,56.50038467,223.1213846,3.216461538
24.06582298,56.50038467,37.16136806,56.63801874,,,20.84615385,223.1213846,3.216461538,15.99230769,16.15384615,24.08056639,56.60835755,223.2283077,3.296019231
24.08056639,56.60835755,37.10396178,57.04752343,,,20.82692308,223.2283077,3.296019231,16.15384615,16.31538462,24.09530981,56.71633043,223.3352308,3.375576923
24.09530981,56.71633043,37.04655551,57.45702811,,,20.80769231,223.3352308,3.375576923,16.31538462,16.47692308,24.11005323,56.82430331,223.4421538,3.455134615
24.11005323,56.82430331,36.98914924,57.8665328,,,20.78846154,223.4421538,3.455134615,16.47692308,16.63846154,24.12479664,56.93227619,223.5490769,3.534692308
24.12479664,56.93227619,36.93174296,58.27603748,,,20.76923077,223.5490769,3.534692308,16.63846154,16.8,24.13954006,57.04024907,223.656,3.61425
24.13954006,57.04024907,36.87433669,58.68554217,,,20.75,223.656,3.61425,16.8,16.96153846,24.15428347,57.14822195,223.7629231,3.693807692
24.15428347,57.14822195,36.81693042,59.09504685,,,20.73076923,223.7629231,3.693807692,16.96153846,17.12307692,24.16902689,57.25619482,223.8698462,3.773365385
24.16902689,57.25619482,36.75952414,59.50455154,,,20.71153846,223.8698462,3.773365385,17.12307692,17.28461538,24.18377031,57.3641677,223.9767692,3.852923077
24.18377031,57.3641677,36.70211787,59.91405622,,,20.69230769,223.9767692,3.852923077,17.28461538,17.44615385,24.19851372,57.47214058,224.0836923,3.932480769
24.19851372,57.47214058,36.6447116,60.32356091,,,20.67307692,224.0836923,3.932480769,17.44615385,17.60769231,24.21325714,57.58011346,224.1906154,4.012038462
24.21325714,57.58011346,36.58730532,60.7330656,,,20.65384615,224.1906154,4.012038462,17.60769231,17.76923077,24.22800055,57.68808634,224.2975385,4.091596154
24.22800055,57.68808634,36.52989905,61.14257028,,,20.63461538,224.2975385,4.091596154,17.76923077,17.93076923,24.24274397,57.79605922,224.4044615,4.171153846
24.24274397,57.79605922,36.47249277,61.55207497,,,20.61538462,224.4044615,4.171153846,17.93076923,18.09230769,24.25748739,57.9040321,224.5113846,4.250711538
24.25748739,57.9040321,36.4150865,61.96157965,,,20.59615385,224.5113846,4.250711538,18.09230769,18.25384615,24.2722308,58.01200498,224.6183077,4.330269231
24.2722308,58.01200498,36.35768023,62.37108434,,,20.57692308,224.6183077,4.330269231,18.25384615,18.41538462,24.28697422,58.11997786,224.7252308,4.409826923
24.28697422,58.11997786,36.30027395,62.78058902,,,20.55769231,224.7252308,4.409826923,18.41538462,18.57692308,24.30171763,58.22795074,224.8321538,4.489384615
24.30171763,58.22795074,36.24286768,63.19009371,,,20.53846154,224.8321538,4.489384615,18.57692308,18.73846154,24.31646105,58.33592362,224.9390769,4.568942308
24.31646105,58.33592362,36.18546141,63.59959839,,,20.51923077,224.9390769,4.568942308,18.73846154,18.9,24.33120446,58.4438965,225.046,4.6485
24.33120446,58.4438965,36.12805513,64.00910308,,,20.5,225.046,4.6485,18.9,19.06153846,24.34594788,58.55186938,225.1529231,4.728057692
24.34594788,58.55186938,36.07064886,64.41860776,,,20.48076923,225.1529231,4.728057692,19.06153846,19.22307692,24.3606913,58.65984226,225.2598462,4.807615385
24.3606913,58.65984226,36.01324259,64.82811245,,,20.46153846,225.2598462,4.807615385,19.22307692,19.38461538,24.37543471,58.76781514,225.3667692,4.887173077
24.37543471,58.76781514,35.95583631,65.23761714,,,20.44230769,225.3667692,4.887173077,19.38461538,19.54615385,24.39017813,58.87578802,225.4736923,4.966730769
24.39017813,58.87578802,35.89843004,65.64712182,,,20.42307692,225.4736923,4.966730769,19.54615385,19.70769231,24.40492154,58.9837609,225.5806154,5.046288462
24.40492154,58.9837609,35.84102377,66.05662651,,,20.40384615,225.5806154,5.046288462,19.70769231,19.86923077,24.41966496,59.09173378,225.6875385,5.125846154
24.41966496,59.09173378,35.78361749,66.46613119,,,20.38461538,225.6875385,5.125846154,19.86923077,20.03076923,24.43440838,59.19970666,225.7944615,5.205403846
24.43440838,59.19970666,35.72621122,66.87563588,,,20.36538462,225.7944615,5.205403846,20.03076923,20.19230769,24.44915179,59.30767954,225.9013846,5.284961538
24.44915179,59.30767954,35.66880495,67.28514056,,,20.34615385,225.9013846,5.284961538,20.19230769,20.35384615,24.46389521,59.41565241,226.0083077,5.364519231
24.46389521,59.41565241,35.61139867,67.69464525,,,20.32692308,226.0083077,5.364519231,20.35384615,20.51538462,24.47863862,59.52362529,226.1152308,5.444076923
24.47863862,59.52362529,35.5539924,68.10414993,,,20.30769231,226.1152308,5.444076923,20.51538462,20.67692308,24.49338204,59.63159817,226.2221538,5.523634615
24.49338204,59.63159817,35.49658613,68.51365462,,,20.28846154,226.2221538,5.523634615,20.67692308,20.83846154,24.50812546,59.73957105,226.3290769,5.603192308
24.50812546,59.73957105,35.43917985,68.9231593,,,20.26923077,226.3290769,5.603192308,20.83846154,21,24.52286887,59.84754393,226.436,5.68275
24.52286887,59.84754393,35.38177358,69.33266399,,,20.25,226.436,5.68275,21,21.16153846,24.53761229,59.95551681,226.5429231,5.762307692
24.53761229,59.95551681,35.3243673,69.74216867,,,20.23076923,226.5429231,5.762307692,21.16153846,21.32307692,24.5523557,60.06348969,226.6498462,5.841865385
24.5523557,60.06348969,35.26696103,70.15167336,,,20.21153846,226.6498462,5.841865385,21.32307692,21.48461538,24.56709912,60.17146257,226.7567692,5.921423077
24.56709912,60.17146257,35.20955476,70.56117805,,,20.19230769,226.7567692,5.921423077,21.48461538,21.64615385,24.58184253,60.27943545,226.8636923,6.000980769
24.58184253,60.27943545,35.15214848,70.97068273,,,20.17307692,226.8636923,6.000980769,21.64615385,21.80769231,24.59658595,60.38740833,226.9706154,6.080538462
24.59658595,60.38740833,35.09474221,71.38018742,,,20.15384615,226.9706154,6.080538462,21.80769231,21.96923077,24.61132937,60.49538121,227.0775385,6.160096154
24.61132937,60.49538121,35.03733594,71.7896921,,,20.13461538,227.0775385,6.160096154,21.96923077,22.13076923,24.62607278,60.60335409,227.1844615,6.239653846
24.62607278,60.60335409,34.97992966,72.19919679,,,20.11538462,227.1844615,6.239653846,22.13076923,22.29230769,24.6408162,60.71132697,227.2913846,6.319211538
24.6408162,60.71132697,34.92252339,72.60870147,,,20.09615385,227.2913846,6.319211538,22.29230769,22.45384615,24.65555961,60.81929985,227.3983077,6.398769231
24.65555961,60.81929985,34.86511712,73.01820616,,,20.07692308,227.3983077,6.398769231,22.45384615,22.61538462,24.67030303,60.92727273,227.5052308,6.478326923
24.67030303,60.92727273,34.80771084,73.42771084,10.08569697,12.69090909,20.05769231,227.5052308,6.478326923,22.61538462,22.77692308,26.98307692,59.87076923,227.6121538,6.557884615
26.98307692,59.87076923,30.58,89,3.596923077,29.12923077,20.03846154,227.6121538,6.557884615,22.77692308,22.93846154,28.66915888,57.95950156,227.7190769,6.637442308
28.66915888,57.95950156,31.86551402,82.74766355,3.19635514,24.78816199,20.01923077,227.7190769,6.637442308,22.93846154,23.1,28.19534161,55.39130435,227.826,6.717
28.19534161,55.39130435,31.75,78,3.554658385,22.60869565,20,227.826,6.717,23.1,23.22941176,25.49009288,48.26315789,227.5455882,6.675117647
25.49009288,48.26315789,31.75619195,78,6.266099071,29.73684211,20,227.5455882,6.675117647,23.22941176,23.35882353,26.35849057,64.61949686,227.2651765,6.633235294
26.35849057,64.61949686,32.33805031,76.6163522,5.979559748,11.99685535,20,227.2651765,6.633235294,23.35882353,23.48823529,28.16563467,72.2755418,226.9847647,6.591352941
28.16563467,72.2755418,33.45,74,5.284365325,1.724458204,20,226.9847647,6.591352941,23.48823529,23.61764706,28.77795031,74.79813665,226.7043529,6.549470588
28.77795031,74.79813665,33.45,74,4.672049689,-0.798136646,20,226.7043529,6.549470588,23.61764706,23.74705882,28.92,76,226.4239412,6.507588235
28.92,76,33.45,74,4.53,-2,20,226.4239412,6.507588235,23.74705882,23.87647059,29.02479012,75.98271605,226.1435294,6.465705882
29.02479012,75.98271605,33.41012346,74.09382716,,,20,226.1435294,6.465705882,23.87647059,24.00588235,29.12958025,75.9654321,225.8631176,6.423823529
29.12958025,75.9654321,33.37024691,74.18765432,,,20,225.8631176,6.423823529,24.00588235,24.13529412,29.23437037,75.94814815,225.5827059,6.381941176
29.23437037,75.94814815,33.33037037,74.28148148,,,20,225.5827059,6.381941176,24.13529412,24.26470588,29.33916049,75.9308642,225.3022941,6.340058824
29.33916049,75.9308642,33.29049383,74.37530864,,,20,225.3022941,6.340058824,24.26470588,24.39411765,29.44395062,75.91358025,225.0218824,6.298176471
29.44395062,75.91358025,33.25061728,74.4691358,,,20,225.0218824,6.298176471,24.39411765,24.52352941,29.54874074,75.8962963,224.7414706,6.256294118
29.54874074,75.8962963,33.21074074,74.56296296,,,20,224.7414706,6.256294118,24.52352941,24.65294118,29.65353086,75.87901235,224.4610588,6.214411765
29.65353086,75.87901235,33.1708642,74.65679012,,,20,224.4610588,6.214411765,24.65294118,24.78235294,29.75832099,75.8617284,224.1806471,6.172529412
29.75832099,75.8617284,33.13098765,74.75061728,,,20,224.1806471,6.172529412,24.78235294,24.91176471,29.86311111,75.84444444,223.9002353,6.130647059
29.86311111,75.84444444,33.09111111,74.84444444,,,20,223.9002353,6.130647059,24.91176471,25.04117647,29.96790123,75.82716049,223.6198235,6.088764706
29.96790123,75.82716049,33.05123457,74.9382716,3.083333333,-0.888888889,20,223.6198235,6.088764706,25.04117647,25.17058824,29.82721713,75.48318043,223.3394118,6.046882353
29.82721713,75.48318043,34.31715596,78.25076453,4.489938838,2.767584098,20,223.3394118,6.046882353,25.17058824,25.3,27.06484848,55.86060606,223.059,6.005
27.06484848,55.86060606,34.9490303,77.42424242,7.884181818,21.56363636,20,223.059,6.005,25.3,25.75,26.83117284,58.66975309,221.5796667,6.499666667
26.83117284,58.66975309,34.96537037,69.82716049,8.134197531,11.15740741,20,221.5796667,6.499666667,25.75,26.2,26.584375,60.73125,220.1003333,6.994333333
26.584375,60.73125,35.1029375,62.675,8.5185625,1.94375,20,220.1003333,6.994333333,26.2,26.65,26.65,66.70496894,218.621,7.489
26.65,66.70496894,34.90723602,60.37267081,8.257236025,-6.332298137,20,218.621,7.489,26.65,27.1,28.1453125,73,220.695,5.9988
28.1453125,73,35.67753125,71.721875,7.53221875,-1.278125,20.4,220.695,5.9988,27.1,27.55,29.04603659,75.97256098,222.769,4.5086
29.04603659,75.97256098,33.47182927,82.14634146,4.425792683,6.173780488,20.8,222.769,4.5086,27.55,28,29.40426829,73.79268293,224.843,3.0184
29.40426829,73.79268293,32.52,83,3.115731707,9.207317073,21.2,224.843,3.0184,28,28.45,29.47822086,75.67484663,226.917,1.5282
29.47822086,75.67484663,32.52,83,3.041779141,7.325153374,21.6,226.917,1.5282,28.45,28.9,29.51753846,77.14769231,228.991,0.038
29.51753846,77.14769231,30.42673846,83,0.9092,5.852307692,22,228.991,0.038,28.9,28.90588235,29.53569231,77.04,228.6494706,0.412294118
29.53569231,77.04,29.98,83,0.444307692,5.96,22,228.6494706,0.412294118,28.90588235,28.91176471,29.53250774,77.0619195,228.3079412,0.786588235
29.53250774,77.0619195,30.34965944,86.69659443,0.817151703,9.634674923,22,228.3079412,0.786588235,28.91176471,28.91764706,29.5173913,76.88509317,227.9664118,1.160882353
29.5173913,76.88509317,30.58,89,1.062608696,12.11490683,22,227.9664118,1.160882353,28.91764706,28.92352941,29.52,76,227.6248824,1.535176471
29.52,76,30.58,89,1.06,13,22,227.6248824,1.535176471,28.92352941,28.92941176,29.560625,76.0521875,227.2833529,1.909470588
29.560625,76.0521875,30.95850311,87.5,,,22,227.2833529,1.909470588,28.92941176,28.93529412,29.60125,76.104375,226.9418235,2.283764706
29.60125,76.104375,31.33700621,86,,,22,226.9418235,2.283764706,28.93529412,28.94117647,29.641875,76.1565625,226.6002941,2.658058824
29.641875,76.1565625,31.71550932,84.5,,,22,226.6002941,2.658058824,28.94117647,28.94705882,29.6825,76.20875,226.2587647,3.032352941
29.6825,76.20875,32.09401242,83,,,22,226.2587647,3.032352941,28.94705882,28.95294118,29.723125,76.2609375,225.9172353,3.406647059
29.723125,76.2609375,32.47251553,81.5,,,22,225.9172353,3.406647059,28.95294118,28.95882353,29.76375,76.313125,225.5757059,3.780941176
29.76375,76.313125,32.85101863,80,,,22,225.5757059,3.780941176,28.95882353,28.96470588,29.804375,76.3653125,225.2341765,4.155235294
29.804375,76.3653125,33.22952174,78.5,,,22,225.2341765,4.155235294,28.96470588,28.97058824,29.845,76.4175,224.8926471,4.529529412
29.845,76.4175,33.60802484,77,,,22,224.8926471,4.529529412,28.97058824,28.97647059,29.885625,76.4696875,224.5511176,4.903823529
29.885625,76.4696875,33.98652795,75.5,,,22,224.5511176,4.903823529,28.97647059,28.98235294,29.92625,76.521875,224.2095882,5.278117647
29.92625,76.521875,34.36503106,74,4.428625,-2.521875,22,224.2095882,5.278117647,28.98235294,28.98823529,30.02012384,77.48916409,223.8680588,5.652411765
30.02012384,77.48916409,35.99,74,5.969876161,-3.489164087,22,223.8680588,5.652411765,28.98823529,28.99411765,30.14143302,77.96573209,223.5265294,6.026705882
30.14143302,77.96573209,35.95884735,70.68535826,5.81741433,-7.280373832,22,223.5265294,6.026705882,28.99411765,29,26.8584375,54.14375,223.185,6.401
26.8584375,54.14375,36.618375,66.7875,9.7599375,12.64375,22,223.185,6.401,29,30.6,24.62507937,49.13968254,224.68625,4.865
24.62507937,49.13968254,37.38603175,62.81269841,12.76095238,13.67301587,22,224.68625,4.865,30.6,32.2,24.19492063,51.54603175,226.1875,3.329
24.19492063,51.54603175,38.36822222,59.42222222,14.17330159,7.876190476,22,226.1875,3.329,32.2,33.8,23.93954248,54.26470588,227.68875,1.793
23.93954248,54.26470588,38.76820261,58,14.82866013,3.735294118,22,227.68875,1.793,33.8,35.4,25.00519481,66.77272727,229.19,0.257
25.00519481,66.77272727,38.42146104,59.23376623,13.41626623,-7.538961039,22,229.19,0.257,35.4,36.4,25.85967742,69.25483871,230.036,2.434
25.85967742,69.25483871,37.21258065,63.36774194,11.35290323,-5.887096774,21,230.036,2.434,36.4,37.4,26.11289308,68.40566038,230.882,4.611
26.11289308,68.40566038,35.56937107,66,9.456477987,-2.405660377,20,230.882,4.611,37.4,38.4,25.8654485,66.09634551,231.728,6.788
25.8654485,66.09634551,34.17431894,66.49169435,8.308870432,0.395348837,19,231.728,6.788,38.4,38.56111111,26.13434343,68.07744108,231.1456111,6.813444444
26.13434343,68.07744108,34.99,70,8.855656566,1.922558923,19,231.1456111,6.813444444,38.56111111,38.72222222,27.72906574,74.34256055,230.5632222,6.838888889
27.72906574,74.34256055,33.15958478,70,5.430519031,-4.342560554,19,230.5632222,6.838888889,38.72222222,38.88333333,28.3095941,73.94095941,229.9808333,6.864333333
28.3095941,73.94095941,32.68,70,4.370405904,-3.94095941,19,229.9808333,6.864333333,38.88333333,39.04444444,28.2,76,229.3984444,6.889777778
28.2,76,32.68,70,4.48,-6,19,229.3984444,6.889777778,39.04444444,39.20555556,28.30821306,76.20206186,228.8160556,6.915222222
28.30821306,76.20206186,32.74701031,71.80309278,,,19,228.8160556,6.915222222,39.20555556,39.36666667,28.41642612,76.40412371,228.2336667,6.940666667
28.41642612,76.40412371,32.81402062,73.60618557,,,19,228.2336667,6.940666667,39.36666667,39.52777778,28.52463918,76.60618557,227.6512778,6.966111111
28.52463918,76.60618557,32.88103093,75.40927835,,,19,227.6512778,6.966111111,39.52777778,39.68888889,28.63285223,76.80824742,227.0688889,6.991555556
28.63285223,76.80824742,32.94804124,77.21237113,,,19,227.0688889,6.991555556,39.68888889,39.85,28.74106529,77.01030928,226.4865,7.017
28.74106529,77.01030928,33.01505155,79.01546392,,,19,226.4865,7.017,39.85,40.01111111,28.84927835,77.21237113,225.9041111,7.042444444
28.84927835,77.21237113,33.08206186,80.8185567,,,19,225.9041111,7.042444444,40.01111111,40.17222222,28.95749141,77.41443299,225.3217222,7.067888889
28.95749141,77.41443299,33.14907216,82.62164948,,,19,225.3217222,7.067888889,40.17222222,40.33333333,29.06570447,77.61649485,224.7393333,7.093333333
29.06570447,77.61649485,33.21608247,84.42474227,,,19,224.7393333,7.093333333,40.33333333,40.49444444,29.17391753,77.8185567,224.1569444,7.118777778
29.17391753,77.8185567,33.28309278,86.22783505,,,19,224.1569444,7.118777778,40.49444444,40.65555556,29.28213058,78.02061856,223.5745556,7.144222222
29.28213058,78.02061856,33.35010309,88.03092784,4.067972509,10.01030928,19,223.5745556,7.144222222,40.65555556,40.81666667,29.4237931,77.79655172,222.9921667,7.169666667
29.4237931,77.79655172,31.1457931,89,1.722,11.20344828,19,222.9921667,7.169666667,40.81666667,40.97777778,27.78253425,60.95547945,222.4097778,7.195111111
27.78253425,60.95547945,32.78753425,89,5.005,28.04452055,19,222.4097778,7.195111111,40.97777778,41.13888889,26.65629371,63.63286713,221.8273889,7.220555556
26.65629371,63.63286713,33.78818182,84.36713287,7.131888112,20.73426573,19,221.8273889,7.220555556,41.13888889,41.3,26.63891051,69.18677043,221.245,7.246
26.63891051,69.18677043,34.42404669,78.64980545,7.785136187,9.463035019,19,221.245,7.246,41.3,41.48461538,26.46444444,62.54074074,221.1795652,6.941782609
26.46444444,62.54074074,34.71622222,70.71111111,8.251777778,8.17037037,19.26086957,221.1795652,6.941782609,41.48461538,41.66923077,26.5982699,62.94463668,221.1141304,6.637565217
26.5982699,62.94463668,37.25653979,60.29065744,10.6582699,-2.653979239,19.52173913,221.1141304,6.637565217,41.66923077,41.85384615,27.97445255,75.37956204,221.0486957,6.333347826
27.97445255,75.37956204,36.73343066,58.97810219,8.758978102,-16.40145985,19.7826087,221.0486957,6.333347826,41.85384615,42.03846154,28.52649007,77.22516556,220.9832609,6.029130435
28.52649007,77.22516556,36.44,58,7.913509934,-19.22516556,20.04347826,220.9832609,6.029130435,42.03846154,42.22307692,28.8283871,78.09032258,220.9178261,5.724913043
28.8283871,78.09032258,36.44232258,58,7.613935484,-20.09032258,20.30434783,220.9178261,5.724913043,42.22307692,42.40769231,29.05825243,78.16828479,220.8523913,5.420695652
29.05825243,78.16828479,36.73656958,61.30097087,7.678317152,-16.86731392,20.56521739,220.8523913,5.420695652,42.40769231,42.59230769,29.20068966,78.37241379,220.7869565,5.116478261
29.20068966,78.37241379,34.86851724,63.42068966,5.667827586,-14.95172414,20.82608696,220.7869565,5.116478261,42.59230769,42.77692308,29.24597701,78.58237548,220.7215217,4.81226087
29.24597701,78.58237548,34.06,66,4.814022989,-12.58237548,21.08695652,220.7215217,4.81226087,42.77692308,42.96153846,29.28778626,78.64503817,220.656087,4.508043478
29.28778626,78.64503817,32.19679389,65.17557252,2.909007634,-13.46946565,21.34782609,220.656087,4.508043478,42.96153846,43.14615385,29.34,78,220.5906522,4.203826087
29.34,78,31.8,65,2.46,-13,21.60869565,220.5906522,4.203826087,43.14615385,43.33076923,29.37770886,78.07183544,220.5252174,3.899608696
29.37770886,78.07183544,31.94258228,65.7835443,,,21.86956522,220.5252174,3.899608696,43.33076923,43.51538462,29.41541772,78.14367089,220.4597826,3.595391304
29.41541772,78.14367089,32.08516456,66.56708861,,,22.13043478,220.4597826,3.595391304,43.51538462,43.7,29.45312658,78.21550633,220.3943478,3.291173913
29.45312658,78.21550633,32.22774684,67.35063291,,,22.39130435,220.3943478,3.291173913,43.7,43.88461538,29.49083544,78.28734177,220.328913,2.986956522
29.49083544,78.28734177,32.37032911,68.13417722,,,22.65217391,220.328913,2.986956522,43.88461538,44.06923077,29.5285443,78.35917722,220.2634783,2.68273913
29.5285443,78.35917722,32.51291139,68.91772152,,,22.91304348,220.2634783,2.68273913,44.06923077,44.25384615,29.56625316,78.43101266,220.1980435,2.378521739
29.56625316,78.43101266,32.65549367,69.70126582,,,23.17391304,220.1980435,2.378521739,44.25384615,44.43846154,29.60396203,78.5028481,220.1326087,2.074304348
29.60396203,78.5028481,32.79807595,70.48481013,,,23.43478261,220.1326087,2.074304348,44.43846154,44.62307692,29.64167089,78.57468354,220.0671739,1.770086957
29.64167089,78.57468354,32.94065823,71.26835443,,,23.69565217,220.0671739,1.770086957,44.62307692,44.80769231,29.67937975,78.64651899,220.0017391,1.465869565
29.67937975,78.64651899,33.08324051,72.05189873,,,23.95652174,220.0017391,1.465869565,44.80769231,44.99230769,29.71708861,78.71835443,219.9363043,1.161652174
29.71708861,78.71835443,33.22582278,72.83544304,3.508734177,-5.882911392,24.2173913,219.9363043,1.161652174,44.99230769,45.17692308,29.51603376,75.37974684,219.8708696,0.857434783
29.51603376,75.37974684,34.75341772,68.53164557,5.237383966,-6.848101266,24.47826087,219.8708696,0.857434783,45.17692308,45.36153846,27.25209003,62.33118971,219.8054348,0.553217391
27.25209003,62.33118971,38.34086817,66,11.08877814,3.668810289,24.73913043,219.8054348,0.553217391,45.36153846,45.54615385,27.04950166,61.03986711,219.74,0.249
27.04950166,61.03986711,39.40511628,64.23255814,12.35561462,3.19269103,25,219.74,0.249,45.54615385,45.73076923,26.75033113,61.06622517,222.9703333,0.178
26.75033113,61.06622517,37.32013245,70.54304636,10.56980132,9.476821192,25,222.9703333,0.178,45.73076923,45.91538462,27.62348993,66.85234899,226.2006667,0.107
27.62348993,66.85234899,34.23590604,79.05704698,6.612416107,12.20469799,25,226.2006667,0.107,45.91538462,46.1,28.64047619,73.13605442,229.431,0.036
28.64047619,73.13605442,32.23452381,81.1462585,3.594047619,8.010204082,25,229.431,0.036,46.1,46.625,28.62624585,70.48172757,230.737,1.5605
28.62624585,70.48172757,31.74850498,78,3.122259136,7.518272425,25,230.737,1.5605,46.625,47.15,26.30066225,72.43046358,232.043,3.085
26.30066225,72.43046358,33.5715894,77.16887417,7.270927152,4.738410596,25,232.043,3.085,47.15,47.675,25.98350168,71.77441077,233.349,4.6095
25.98350168,71.77441077,33.21148148,72.76094276,7.227979798,0.986531987,25,233.349,4.6095,47.675,48.2,26.37541528,80.34883721,234.655,6.134
26.37541528,80.34883721,31.99880399,66.12956811,5.623388704,-14.2192691,25,234.655,6.134,48.2,48.30447761,27.14039735,78.87417219,234.01364,6.1882
27.14039735,78.87417219,32.56049669,69.27152318,5.420099338,-9.602649007,24.72,234.01364,6.1882,48.30447761,48.40895522,28.45321429,75.05357143,233.37228,6.2424
28.45321429,75.05357143,32.43082143,72.14285714,3.977607143,-2.910714286,24.44,233.37228,6.2424,48.40895522,48.51343284,28.67651007,75.03020134,232.73092,6.2966
28.67651007,75.03020134,31.75,78,3.073489933,2.969798658,24.16,232.73092,6.2966,48.51343284,48.61791045,28.7,76,232.08956,6.3508
28.7,76,31.75,78,3.05,2,23.88,232.08956,6.3508,48.61791045,48.72238806,28.76805195,76.14025974,231.4482,6.405
28.76805195,76.14025974,31.80077922,77.88051948,,,23.6,231.4482,6.405,48.72238806,48.82686567,28.8361039,76.28051948,230.80684,6.4592
28.8361039,76.28051948,31.85155844,77.76103896,,,23.32,230.80684,6.4592,48.82686567,48.93134328,28.90415584,76.42077922,230.16548,6.5134
28.90415584,76.42077922,31.90233766,77.64155844,,,23.04,230.16548,6.5134,48.93134328,49.0358209,28.97220779,76.56103896,229.52412,6.5676
28.97220779,76.56103896,31.95311688,77.52207792,,,22.76,229.52412,6.5676,49.0358209,49.14029851,29.04025974,76.7012987,228.88276,6.6218
29.04025974,76.7012987,32.0038961,77.4025974,,,22.48,228.88276,6.6218,49.14029851,49.24477612,29.10831169,76.84155844,228.2414,6.676
29.10831169,76.84155844,32.05467532,77.28311688,,,22.2,228.2414,6.676,49.24477612,49.34925373,29.17636364,76.98181818,227.60004,6.7302
29.17636364,76.98181818,32.10545455,77.16363636,,,21.92,227.60004,6.7302,49.34925373,49.45373134,29.24441558,77.12207792,226.95868,6.7844
29.24441558,77.12207792,32.15623377,77.04415584,,,21.64,226.95868,6.7844,49.45373134,49.55820896,29.31246753,77.26233766,226.31732,6.8386
29.31246753,77.26233766,32.20701299,76.92467532,,,21.36,226.31732,6.8386,49.55820896,49.66268657,29.38051948,77.4025974,225.67596,6.8928
29.38051948,77.4025974,32.25779221,76.80519481,2.877272727,-0.597402597,21.08,225.67596,6.8928,49.66268657,49.76716418,29.4960396,77.65676568,225.0346,6.947
29.4960396,77.65676568,33.44990099,74,3.953861386,-3.656765677,20.8,225.0346,6.947,49.76716418,49.87164179,29.54180602,77.47826087,224.39324,7.0012
29.54180602,77.47826087,35.56525084,74,6.023444816,-3.47826087,20.52,224.39324,7.0012,49.87164179,49.9761194,29.15099338,73.25827815,223.75188,7.0554
29.15099338,73.25827815,35.99,74,6.839006623,0.741721854,20.24,223.75188,7.0554,49.9761194,50.08059701,28.9173913,69.25083612,223.11052,7.1096
28.9173913,69.25083612,37.25779264,70.76254181,8.340401338,1.511705686,19.96,223.11052,7.1096,50.08059701,50.18507463,29.16466667,76.65,222.46916,7.1638
29.16466667,76.65,37.55,70,8.385333333,-6.65,19.68,222.46916,7.1638,50.18507463,50.28955224,30.04691781,75.80479452,221.8278,7.218
30.04691781,75.80479452,37.55,70,7.503082192,-5.804794521,19.4,221.8278,7.218,50.28955224,50.39402985,27.17239057,60.82828283,221.18644,7.2722
27.17239057,60.82828283,37.9506734,68.85521886,10.77828283,8.026936027,19.12,221.18644,7.2722,50.39402985,50.49850746,25.64422442,57.44884488,220.54508,7.3264
25.64422442,57.44884488,38.48168317,66.83168317,12.83745875,9.382838284,18.84,220.54508,7.3264,50.49850746,50.60298507,25.04536424,50.9205298,219.90372,7.3806
25.04536424,50.9205298,33.99764901,79.31456954,8.952284768,28.39403974,18.56,219.90372,7.3806,50.60298507,50.70746269,25.26061644,60.04452055,219.26236,7.4348
25.26061644,60.04452055,35.99684932,74,10.73623288,13.95547945,18.28,219.26236,7.4348,50.70746269,50.8119403,27.12837838,74.01351351,218.621,7.489
27.12837838,74.01351351,35.99,74,8.861621622,-0.013513514,18,218.621,7.489,50.8119403,50.91641791,27.98659794,78.42611684,218.6925,7.457547619
27.98659794,78.42611684,35.99,74,8.003402062,-4.426116838,18.19047619,218.6925,7.457547619,50.91641791,51.02089552,28.4175,78.98571429,218.764,7.426095238
28.4175,78.98571429,35.99,74,7.5725,-4.985714286,18.38095238,218.764,7.426095238,51.02089552,51.12537313,28.5,79,218.8355,7.394642857
28.5,79,35.99,74,7.49,-5,18.57142857,218.8355,7.394642857,51.12537313,51.22985075,28.59942492,79.24025559,218.907,7.363190476
28.59942492,79.24025559,35.63789137,74.35271565,,,18.76190476,218.907,7.363190476,51.22985075,51.33432836,28.69884984,79.48051118,218.9785,7.331738095
28.69884984,79.48051118,35.28578275,74.70543131,,,18.95238095,218.9785,7.331738095,51.33432836,51.43880597,28.79827476,79.72076677,219.05,7.300285714
28.79827476,79.72076677,34.93367412,75.05814696,,,19.14285714,219.05,7.300285714,51.43880597,51.54328358,28.89769968,79.96102236,219.1215,7.268833333
28.89769968,79.96102236,34.5815655,75.41086262,,,19.33333333,219.1215,7.268833333,51.54328358,51.64776119,28.9971246,80.20127796,219.193,7.237380952
28.9971246,80.20127796,34.22945687,75.76357827,,,19.52380952,219.193,7.237380952,51.64776119,51.75223881,29.09654952,80.44153355,219.2645,7.205928571
29.09654952,80.44153355,33.87734824,76.11629393,,,19.71428571,219.2645,7.205928571,51.75223881,51.85671642,29.19597444,80.68178914,219.336,7.17447619
29.19597444,80.68178914,33.52523962,76.46900958,,,19.9047619,219.336,7.17447619,51.85671642,51.96119403,29.29539936,80.92204473,219.4075,7.14302381
29.29539936,80.92204473,33.17313099,76.82172524,,,20.0952381,219.4075,7.14302381,51.96119403,52.06567164,29.39482428,81.16230032,219.479,7.111571429
29.39482428,81.16230032,32.82102236,77.17444089,,,20.28571429,219.479,7.111571429,52.06567164,52.17014925,29.4942492,81.40255591,219.5505,7.080119048
29.4942492,81.40255591,32.46891374,77.52715655,2.974664537,-3.875399361,20.47619048,219.5505,7.080119048,52.17014925,52.27462687,29.551,81.99333333,219.622,7.048666667
29.551,81.99333333,33.45,74,3.899,-7.993333333,20.66666667,219.622,7.048666667,52.27462687,52.37910448,29.67857143,82.00649351,219.6935,7.017214286
29.67857143,82.00649351,35.22474026,72.75324675,5.546168831,-9.253246753,20.85714286,219.6935,7.017214286,52.37910448,52.48358209,29.71747573,81.44660194,219.765,6.985761905
29.71747573,81.44660194,37.10262136,70,7.385145631,-11.44660194,21.04761905,219.765,6.985761905,52.48358209,52.5880597,29.81508197,79.60983607,219.8365,6.954309524
29.81508197,79.60983607,38.80311475,66.41967213,8.988032787,-13.19016393,21.23809524,219.8365,6.954309524,52.5880597,52.69253731,29.90651466,78.71335505,219.908,6.922857143
29.90651466,78.71335505,38.95,66,9.043485342,-12.71335505,21.42857143,219.908,6.922857143,52.69253731,52.79701493,29.9732899,78.247557,219.9795,6.891404762
29.9732899,78.247557,39.64429967,63.3029316,9.671009772,-14.94462541,21.61904762,219.9795,6.891404762,52.79701493,52.90149254,30.01485507,77.82608696,220.051,6.859952381
30.01485507,77.82608696,39.66648551,63.2173913,9.651630435,-14.60869565,21.80952381,220.051,6.859952381,52.90149254,53.00597015,29.96190476,78.36054422,220.1225,6.8285
29.96190476,78.36054422,37.25340136,69.85034014,7.291496599,-8.510204082,22,220.1225,6.8285,53.00597015,53.11044776,29.95723906,78.42760943,220.194,6.797047619
29.95723906,78.42760943,33.76252525,75.53198653,3.805286195,-2.895622896,22.19047619,220.194,6.797047619,53.11044776,53.21492537,30.00505415,78.02888087,220.2655,6.765595238
30.00505415,78.02888087,33.55310469,74.50541516,3.548050542,-3.523465704,22.38095238,220.2655,6.765595238,53.21492537,53.31940299,29.985,79.81538462,220.337,6.734142857
29.985,79.81538462,31.99846154,77.41538462,2.013461538,-2.4,22.57142857,220.337,6.734142857,53.31940299,53.4238806,30.01470588,80.71691176,220.4085,6.702690476
30.01470588,80.71691176,31.75,78,1.735294118,-2.716911765,22.76190476,220.4085,6.702690476,53.4238806,53.52835821,30.02256944,80.48263889,220.48,6.671238095
30.02256944,80.48263889,31.75,78,1.727430556,-2.482638889,22.95238095,220.48,6.671238095,53.52835821,53.63283582,30.1,80,220.5515,6.639785714
30.1,80,31.75,78,1.65,-2,23.14285714,220.5515,6.639785714,53.63283582,53.73731343,30.10210526,79.75263158,220.623,6.608333333
30.10210526,79.75263158,31.89930921,77.64868421,,,23.33333333,220.623,6.608333333,53.73731343,53.84179104,30.10421053,79.50526316,220.6945,6.576880952
30.10421053,79.50526316,32.04861842,77.29736842,,,23.52380952,220.6945,6.576880952,53.84179104,53.94626866,30.10631579,79.25789474,220.766,6.545428571
30.10631579,79.25789474,32.19792763,76.94605263,,,23.71428571,220.766,6.545428571,53.94626866,54.05074627,30.10842105,79.01052632,220.8375,6.51397619
30.10842105,79.01052632,32.34723684,76.59473684,,,23.9047619,220.8375,6.51397619,54.05074627,54.15522388,30.11052632,78.76315789,220.909,6.48252381
30.11052632,78.76315789,32.49654605,76.24342105,,,24.0952381,220.909,6.48252381,54.15522388,54.25970149,30.11263158,78.51578947,220.9805,6.451071429
30.11263158,78.51578947,32.64585526,75.89210526,,,24.28571429,220.9805,6.451071429,54.25970149,54.3641791,30.11473684,78.26842105,221.052,6.419619048
30.11473684,78.26842105,32.79516447,75.54078947,,,24.47619048,221.052,6.419619048,54.3641791,54.46865672,30.11684211,78.02105263,221.1235,6.388166667
30.11684211,78.02105263,32.94447368,75.18947368,,,24.66666667,221.1235,6.388166667,54.46865672,54.57313433,30.11894737,77.77368421,221.195,6.356714286
30.11894737,77.77368421,33.09378289,74.83815789,,,24.85714286,221.195,6.356714286,54.57313433,54.67761194,30.12105263,77.52631579,221.2665,6.325261905
30.12105263,77.52631579,33.24309211,74.48684211,3.122039474,-3.039473684,25.04761905,221.2665,6.325261905,54.67761194,54.78208955,30.16136364,77.07792208,221.338,6.293809524
30.16136364,77.07792208,33.45,74,3.288636364,-3.077922078,25.23809524,221.338,6.293809524,54.78208955,54.88656716,30.20462046,77.01650165,221.4095,6.262357143
30.20462046,77.01650165,34.47270627,74,4.268085809,-3.01650165,25.42857143,221.4095,6.262357143,54.88656716,54.99104478,30.28092105,77.14802632,221.481,6.230904762
30.28092105,77.14802632,35.33868421,69.97368421,5.057763158,-7.174342105,25.61904762,221.481,6.230904762,54.99104478,55.09552239,30.33774834,77.92384106,221.5525,6.199452381
30.33774834,77.92384106,35.53887417,62.84768212,5.201125828,-15.07615894,25.80952381,221.5525,6.199452381,55.09552239,55.2,27.92748344,55.64569536,221.624,6.168
27.92748344,55.64569536,35.31,62,7.382516556,6.354304636,26,221.624,6.168,55.2,56.9,26.21151316,54.64144737,220.4015,6.64
26.21151316,54.64144737,35.11134868,61.19736842,8.899835526,6.555921053,26,220.4015,6.64,56.9,58.6,26.01220339,54.69491525,219.179,7.112
26.01220339,54.69491525,35.20081356,55.93559322,9.188610169,1.240677966,26,219.179,7.112,58.6,58.6,25.81245791,55.39057239,219.179,7.112
25.81245791,55.39057239,35.39744108,55.47474747,9.584983165,0.084175084,26,219.179,7.112,58.6,58.74285714,26.96072607,68.96369637,219.1763333,7.137
26.96072607,68.96369637,34.61986799,61.51155116,7.659141914,-7.452145215,25.9047619,219.1763333,7.137,58.74285714,58.88571429,28.37833333,72.04666667,219.1736667,7.162
28.37833333,72.04666667,34.06173333,66,5.6834,-6.046666667,25.80952381,219.1736667,7.162,58.88571429,59.02857143,28.85655172,74.47931034,219.171,7.187
28.85655172,74.47931034,34.37106897,67.33793103,5.514517241,-7.14137931,25.71428571,219.171,7.187,59.02857143,59.17142857,29.07544484,75.81494662,219.1683333,7.212
29.07544484,75.81494662,35.08964413,70.39857651,6.014199288,-5.416370107,25.61904762,219.1683333,7.212,59.17142857,59.31428571,29.29298893,76.52398524,219.1656667,7.237
29.29298893,76.52398524,35.99,74,6.69701107,-2.52398524,25.52380952,219.1656667,7.237,59.31428571,59.45714286,29.4,77,219.163,7.262
29.4,77,35.99,74,6.59,-3,25.42857143,219.163,7.262,59.45714286,59.6,29.45847896,77.11650485,219.1603333,7.287
29.45847896,77.11650485,35.41646602,74.55210356,,,25.33333333,219.1603333,7.287,59.6,59.74285714,29.51695793,77.23300971,219.1576667,7.312
29.51695793,77.23300971,34.84293204,75.10420712,,,25.23809524,219.1576667,7.312,59.74285714,59.88571429,29.57543689,77.34951456,219.155,7.337
29.57543689,77.34951456,34.26939806,75.65631068,,,25.14285714,219.155,7.337,59.88571429,60.02857143,29.63391586,77.46601942,219.1523333,7.362
29.63391586,77.46601942,33.69586408,76.20841424,,,25.04761905,219.1523333,7.362,60.02857143,60.17142857,29.69239482,77.58252427,219.1496667,7.387
29.69239482,77.58252427,33.1223301,76.7605178,,,24.95238095,219.1496667,7.387,60.17142857,60.31428571,29.75087379,77.69902913,219.147,7.412
29.75087379,77.69902913,32.54879612,77.31262136,,,24.85714286,219.147,7.412,60.31428571,60.45714286,29.80935275,77.81553398,219.1443333,7.437
29.80935275,77.81553398,31.97526214,77.86472492,,,24.76190476,219.1443333,7.437,60.45714286,60.6,29.86783172,77.93203883,219.1416667,7.462
29.86783172,77.93203883,31.40172816,78.41682848,,,24.66666667,219.1416667,7.462,60.6,60.74285714,29.92631068,78.04854369,219.139,7.487
29.92631068,78.04854369,30.82819417,78.96893204,,,24.57142857,219.139,7.487,60.74285714,60.88571429,29.98478964,78.16504854,219.1363333,7.512
29.98478964,78.16504854,30.25466019,79.5210356,0.26987055,1.355987055,24.47619048,219.1363333,7.512,60.88571429,61.02857143,30.05503597,77.18345324,219.1336667,7.537
30.05503597,77.18345324,31.45741007,71.6618705,1.402374101,-5.521582734,24.38095238,219.1336667,7.537,61.02857143,61.17142857,30.10163399,76.95424837,219.131,7.562
30.10163399,76.95424837,31.82653595,60.87581699,1.724901961,-16.07843137,24.28571429,219.131,7.562,61.17142857,61.31428571,29.17631579,67.45394737,219.1283333,7.587
29.17631579,67.45394737,32.41,58,3.233684211,-9.453947368,24.19047619,219.1283333,7.587,61.31428571,61.45714286,27.09328859,58.70469799,219.1256667,7.612
27.09328859,58.70469799,32.77130872,57.13422819,5.678020134,-1.570469799,24.0952381,219.1256667,7.612,61.45714286,61.6,26.75493421,63.42763158,219.123,7.637
26.75493421,63.42763158,35.25006579,55,8.495131579,-8.427631579,24,219.123,7.637,61.6,61.75925926,27.25612245,69.24489796,219.0685217,7.630913043
27.25612245,69.24489796,37.24595238,55,9.989829932,-14.24489796,23.95652174,219.0685217,7.630913043,61.75925926,61.91851852,28.50131148,68.56721311,219.0140435,7.624826087
28.50131148,68.56721311,37.77,55,9.268688525,-13.56721311,23.91304348,219.0140435,7.624826087,61.91851852,62.07777778,29.6218241,80.84364821,218.9595652,7.61873913
29.6218241,80.84364821,37.68517915,55,8.063355049,-25.84364821,23.86956522,218.9595652,7.61873913,62.07777778,62.23703704,28.98729642,78.76221498,218.905087,7.612652174
28.98729642,78.76221498,36.10697068,63.82084691,7.119674267,-14.94136808,23.82608696,218.905087,7.612652174,62.23703704,62.3962963,28.96720779,79,218.8506087,7.606565217
28.96720779,79,34.49035714,58.68831169,5.523149351,-20.31168831,23.7826087,218.8506087,7.606565217,62.3962963,62.55555556,29.0512987,79,218.7961304,7.600478261
29.0512987,79,34.36253247,60.44155844,5.311233766,-18.55844156,23.73913043,218.7961304,7.600478261,62.55555556,62.71481481,29.51144781,77.84175084,218.7416522,7.594391304
29.51144781,77.84175084,32.65791246,63.16161616,3.146464646,-14.68013468,23.69565217,218.7416522,7.594391304,62.71481481,62.87407407,29.79658703,77.66211604,218.6871739,7.588304348
29.79658703,77.66211604,31.8,65,2.003412969,-12.66211604,23.65217391,218.6871739,7.588304348,62.87407407,63.03333333,29.8,78,218.6326957,7.582217391
29.8,78,31.8,65,2,-13,23.60869565,218.6326957,7.582217391,63.03333333,63.19259259,29.82249191,78.00776699,218.5782174,7.576130435
29.82249191,78.00776699,31.65605825,67.18058252,,,23.56521739,218.5782174,7.576130435,63.19259259,63.35185185,29.84498382,78.01553398,218.5237391,7.570043478
29.84498382,78.01553398,31.5121165,69.36116505,,,23.52173913,218.5237391,7.570043478,63.35185185,63.51111111,29.86747573,78.02330097,218.4692609,7.563956522
29.86747573,78.02330097,31.36817476,71.54174757,,,23.47826087,218.4692609,7.563956522,63.51111111,63.67037037,29.88996764,78.03106796,218.4147826,7.557869565
29.88996764,78.03106796,31.22423301,73.7223301,,,23.43478261,218.4147826,7.557869565,63.67037037,63.82962963,29.91245955,78.03883495,218.3603043,7.551782609
29.91245955,78.03883495,31.08029126,75.90291262,,,23.39130435,218.3603043,7.551782609,63.82962963,63.98888889,29.93495146,78.04660194,218.3058261,7.545695652
29.93495146,78.04660194,30.93634951,78.08349515,,,23.34782609,218.3058261,7.545695652,63.98888889,64.14814815,29.95744337,78.05436893,218.2513478,7.539608696
29.95744337,78.05436893,30.79240777,80.26407767,,,23.30434783,218.2513478,7.539608696,64.14814815,64.30740741,29.97993528,78.06213592,218.1968696,7.533521739
29.97993528,78.06213592,30.64846602,82.44466019,,,23.26086957,218.1968696,7.533521739,64.30740741,64.46666667,30.00242718,78.06990291,218.1423913,7.527434783
30.00242718,78.06990291,30.50452427,84.62524272,,,23.2173913,218.1423913,7.527434783,64.46666667,64.62592593,30.02491909,78.0776699,218.087913,7.521347826
30.02491909,78.0776699,30.36058252,86.80582524,0.33566343,8.72815534,23.17391304,218.087913,7.521347826,64.62592593,64.78518519,30.06472492,77.99029126,218.0334348,7.51526087
30.06472492,77.99029126,30.48495146,88.06796117,0.420226537,10.0776699,23.13043478,218.0334348,7.51526087,64.78518519,64.94444444,30.17171717,77.28282828,217.9789565,7.509173913
30.17171717,77.28282828,32.91299663,82.45454545,2.741279461,5.171717172,23.08695652,217.9789565,7.509173913,64.94444444,65.1037037,28.95066225,66.36092715,217.9244783,7.503086957
28.95066225,66.36092715,36.53364238,77.90728477,7.582980132,11.54635762,23.04347826,217.9244783,7.503086957,65.1037037,65.26296296,26.71591696,55.79930796,217.87,7.497
26.71591696,55.79930796,39.91688581,70.70588235,13.20096886,14.90657439,23,217.87,7.497,65.26296296,65.42222222,26.29397163,59.89716312,218.52725,7.43525
26.29397163,59.89716312,40.83106383,65.92907801,14.5370922,6.031914894,23,218.52725,7.43525,65.42222222,65.58148148,28.2369863,64.40068493,219.1845,7.3735
28.2369863,64.40068493,41.84636986,62.15410959,13.60938356,-2.246575342,23,219.1845,7.3735,65.58148148,65.74074074,28.52289562,65.28282828,219.84175,7.31175
28.52289562,65.28282828,40.59171717,64.8989899,12.06882155,-0.383838384,23,219.84175,7.31175,65.74074074,65.9,26.49026846,53.58053691,220.499,7.25
26.49026846,53.58053691,36.78151007,79.89932886,10.29124161,26.31879195,23,220.499,7.25,65.9,66.03888889,26.65234899,63.31543624,221.1132222,7.169555556
26.65234899,63.31543624,38.47134228,70,11.81899329,6.684563758,23,221.1132222,7.169555556,66.03888889,66.17777778,26.42880795,66.38410596,221.7274444,7.089111111
26.42880795,66.38410596,39.03208609,70,12.60327815,3.61589404,23,221.7274444,7.089111111,66.17777778,66.31666667,27.71627119,78.69152542,222.3416667,7.008666667
27.71627119,78.69152542,32.84935593,74.01355932,5.133084746,-4.677966102,23,222.3416667,7.008666667,66.31666667,66.45555556,28.48344595,79.55405405,222.9558889,6.928222222
28.48344595,79.55405405,35.31432432,71.2972973,6.830878378,-8.256756757,23,222.9558889,6.928222222,66.45555556,66.59444444,28.76097561,81.01045296,223.5701111,6.847777778
28.76097561,81.01045296,35.99,74,7.22902439,-7.010452962,23,223.5701111,6.847777778,66.59444444,66.73333333,29.08,79.4,224.1843333,6.767333333
29.08,79.4,35.99,74,6.91,-5.4,23,224.1843333,6.767333333,66.73333333,66.87222222,29.12992763,79.36,224.7985556,6.686888889
29.12992763,79.36,34.989,76,,,23,224.7985556,6.686888889,66.87222222,67.01111111,29.17985526,79.32,225.4127778,6.606444444
29.17985526,79.32,33.988,78,,,23,225.4127778,6.606444444,67.01111111,67.15,29.22978289,79.28,226.027,6.526
29.22978289,79.28,32.987,80,,,23,226.027,6.526,67.15,67.28888889,29.27971053,79.24,226.6412222,6.445555556
29.27971053,79.24,31.986,82,,,23,226.6412222,6.445555556,67.28888889,67.42777778,29.32963816,79.2,227.2554444,6.365111111
29.32963816,79.2,30.985,84,,,23,227.2554444,6.365111111,67.42777778,67.56666667,29.37956579,79.16,227.8696667,6.284666667
29.37956579,79.16,29.984,86,,,23,227.8696667,6.284666667,67.56666667,67.70555556,29.42949342,79.12,228.4838889,6.204222222
29.42949342,79.12,28.983,88,,,23,228.4838889,6.204222222,67.70555556,67.84444444,29.47942105,79.08,229.0981111,6.123777778
29.47942105,79.08,27.982,90,,,23,229.0981111,6.123777778,67.84444444,67.98333333,29.52934868,79.04,229.7123333,6.043333333
29.52934868,79.04,26.981,92,,,23,229.7123333,6.043333333,67.98333333,68.12222222,29.57927632,79,230.3265556,5.962888889
29.57927632,79,25.98,94,-3.599276316,15,23,230.3265556,5.962888889,68.12222222,68.26111111,29.65415282,79.35215947,230.9407778,5.882444444
29.65415282,79.35215947,25.98,94,-3.674152824,14.64784053,23,230.9407778,5.882444444,68.26111111,68.4,28.81881188,69.10891089,231.555,5.802
28.81881188,69.10891089,29.71465347,89.94059406,0.895841584,20.83168317,23,231.555,5.802,68.4,69.15714286,26.63724832,59.2147651,231.1352857,5.009571429
26.63724832,59.2147651,31.83644295,85.11409396,5.199194631,25.89932886,23,231.1352857,5.009571429,69.15714286,69.91428571,26.22842466,60.25684932,230.7155714,4.217142857
26.22842466,60.25684932,34.17010274,78.64383562,7.941678082,18.3869863,23,230.7155714,4.217142857,69.91428571,70.67142857,25.86187291,62.93311037,230.2958571,3.424714286
25.86187291,62.93311037,35.16056856,70.68227425,9.298695652,7.74916388,23,230.2958571,3.424714286,70.67142857,71.42857143,26.13812709,70.91638796,229.8761429,2.632285714
26.13812709,70.91638796,33.75685619,80.11036789,7.618729097,9.193979933,23,229.8761429,2.632285714,71.42857143,72.18571429,25.92818792,66.47651007,229.4564286,1.839857143
25.92818792,66.47651007,37.30671141,74.75167785,11.37852349,8.275167785,23,229.4564286,1.839857143,72.18571429,72.94285714,25.78356643,61.03146853,229.0367143,1.047428571
25.78356643,61.03146853,38.98,70,13.19643357,8.968531469,23,229.0367143,1.047428571,72.94285714,73.7,25.67458194,60.01003344,228.617,0.255
25.67458194,60.01003344,38.18464883,66.69565217,12.51006689,6.685618729,23,228.617,0.255,73.7,75.4,26.37315436,68.98993289,233.162,7.646
26.37315436,68.98993289,34.93936242,68.06711409,8.566208054,-0.922818792,23,233.162,7.646,75.4,75.41111111,27.40353982,73.17699115,232.6916111,7.554
27.40353982,73.17699115,32.76,65.42477876,5.356460177,-7.752212389,22.72222222,232.6916111,7.554,75.41111111,75.42222222,27.5045346,73.78826866,232.2212222,7.462
27.5045346,73.78826866,32.64852926,66.38780878,,,22.44444444,232.2212222,7.462,75.42222222,75.43333333,27.60552939,74.39954618,231.7508333,7.37
27.60552939,74.39954618,32.53705852,67.35083879,,,22.16666667,231.7508333,7.37,75.43333333,75.44444444,27.70652417,75.01082369,231.2804444,7.278
27.70652417,75.01082369,32.42558779,68.31386881,,,21.88888889,231.2804444,7.278,75.44444444,75.45555556,27.80751895,75.6221012,230.8100556,7.186
27.80751895,75.6221012,32.31411705,69.27689883,,,21.61111111,230.8100556,7.186,75.45555556,75.46666667,27.90851373,76.23337872,230.3396667,7.094
27.90851373,76.23337872,32.20264631,70.23992884,,,21.33333333,230.3396667,7.094,75.46666667,75.47777778,28.00950851,76.84465623,229.8692778,7.002
28.00950851,76.84465623,32.09117557,71.20295886,,,21.05555556,229.8692778,7.002,75.47777778,75.48888889,28.11050329,77.45593374,229.3988889,6.91
28.11050329,77.45593374,31.97970483,72.16598888,,,20.77777778,229.3988889,6.91,75.48888889,75.5,28.21149807,78.06721125,228.9285,6.818
28.21149807,78.06721125,31.8682341,73.12901889,,,20.5,228.9285,6.818,75.5,75.51111111,28.31249285,78.67848877,228.4581111,6.726
28.31249285,78.67848877,31.75676336,74.09204891,,,20.22222222,228.4581111,6.726,75.51111111,75.52222222,28.41348763,79.28976628,227.9877222,6.634
28.41348763,79.28976628,31.64529262,75.05507893,,,19.94444444,227.9877222,6.634,75.52222222,75.53333333,28.51448241,79.90104379,227.5173333,6.542
28.51448241,79.90104379,31.53382188,76.01810894,,,19.66666667,227.5173333,6.542,75.53333333,75.54444444,28.6154772,80.51232131,227.0469444,6.45
28.6154772,80.51232131,31.42235115,76.98113896,,,19.38888889,227.0469444,6.45,75.54444444,75.55555556,28.71647198,81.12359882,226.5765556,6.358
28.71647198,81.12359882,31.31088041,77.94416897,,,19.11111111,226.5765556,6.358,75.55555556,75.56666667,28.81746676,81.73487633,226.1061667,6.266
28.81746676,81.73487633,31.19940967,78.90719899,,,18.83333333,226.1061667,6.266,75.56666667,75.57777778,28.91846154,82.34615385,225.6357778,6.174
28.91846154,82.34615385,31.08793893,79.87022901,2.178,-2.5,18.55555556,225.6357778,6.174,75.57777778,75.58888889,29.14701754,66.22807018,225.1653889,6.082
29.14701754,66.22807018,32.59940351,78.3122807,3.452385965,12.08421053,18.27777778,225.1653889,6.082,75.58888889,75.6,27.77979094,54.61672474,224.695,5.99
27.77979094,54.61672474,34.47334495,79,6.693554007,24.38327526,18,224.695,5.99,75.6,76.425,26.68664384,60.68835616,225.28625,4.556
26.68664384,60.68835616,35.70174658,74.94178082,9.01510274,14.25342466,18,225.28625,4.556,76.425,77.25,26.37517241,63.0862069,225.8775,3.122
26.37517241,63.0862069,35.99,74,9.614827586,10.9137931,18,225.8775,3.122,77.25,78.075,26.30848057,61.92579505,226.46875,1.688
26.30848057,61.92579505,35.99,74,9.681519435,12.07420495,18,226.46875,1.688,78.075,78.9,26.27692308,63.43706294,227.06,0.254
26.27692308,63.43706294,35.13741259,74,8.86048951,10.56293706,18,227.06,0.254,78.9,79.02777778,26.33972603,66.98972603,226.8696111,0.610555556
26.33972603,66.98972603,33.45,74,7.110273973,7.010273973,18.22222222,226.8696111,0.610555556,79.02777778,79.15555556,26.35778547,70.53633218,226.6792222,0.967111111
26.35778547,70.53633218,34.25055363,77.89273356,7.892768166,7.356401384,18.44444444,226.6792222,0.967111111,79.15555556,79.28333333,27.00791367,75.07913669,226.4888333,1.323666667
27.00791367,75.07913669,34.47496403,79,7.46705036,3.920863309,18.66666667,226.4888333,1.323666667,79.28333333,79.41111111,27.86327273,79.03272727,226.2984444,1.680222222
27.86327273,79.03272727,33.926,78.8,6.062727273,-0.232727273,18.88888889,226.2984444,1.680222222,79.41111111,79.53888889,28.23492647,78.48529412,226.1080556,2.036777778
28.23492647,78.48529412,31.75,78,3.515073529,-0.485294118,19.11111111,226.1080556,2.036777778,79.53888889,79.66666667,28.4,78,225.9176667,2.393333333
28.4,78,31.75,78,3.35,0,19.33333333,225.9176667,2.393333333,79.66666667,79.79444444,28.46130137,77.88458904,225.7272778,2.749888889
28.46130137,77.88458904,31.5760274,77.87945205,,,19.55555556,225.7272778,2.749888889,79.79444444,79.92222222,28.52260274,77.76917808,225.5368889,3.106444444
28.52260274,77.76917808,31.40205479,77.75890411,,,19.77777778,225.5368889,3.106444444,79.92222222,80.05,28.58390411,77.65376712,225.3465,3.463
28.58390411,77.65376712,31.22808219,77.63835616,,,20,225.3465,3.463,80.05,80.17777778,28.64520548,77.53835616,225.1561111,3.819555556
28.64520548,77.53835616,31.05410959,77.51780822,,,20.22222222,225.1561111,3.819555556,80.17777778,80.30555556,28.70650685,77.42294521,224.9657222,4.176111111
28.70650685,77.42294521,30.88013699,77.39726027,,,20.44444444,224.9657222,4.176111111,80.30555556,80.43333333,28.76780822,77.30753425,224.7753333,4.532666667
28.76780822,77.30753425,30.70616438,77.27671233,,,20.66666667,224.7753333,4.532666667,80.43333333,80.56111111,28.82910959,77.19212329,224.5849444,4.889222222
28.82910959,77.19212329,30.53219178,77.15616438,,,20.88888889,224.5849444,4.889222222,80.56111111,80.68888889,28.89041096,77.07671233,224.3945556,5.245777778
28.89041096,77.07671233,30.35821918,77.03561644,,,21.11111111,224.3945556,5.245777778,80.68888889,80.81666667,28.95171233,76.96130137,224.2041667,5.602333333
28.95171233,76.96130137,30.18424658,76.91506849,,,21.33333333,224.2041667,5.602333333,80.81666667,80.94444444,29.0130137,76.84589041,224.0137778,5.958888889
29.0130137,76.84589041,30.01027397,76.79452055,0.997260274,-0.051369863,21.55555556,224.0137778,5.958888889,80.94444444,81.07222222,29.03356401,76.61937716,223.8233889,6.315444444
29.03356401,76.61937716,31.99048443,74,2.956920415,-2.619377163,21.77777778,223.8233889,6.315444444,81.07222222,81.2,27.10934256,58.80276817,223.633,6.672
27.10934256,58.80276817,33.14411765,74.71972318,6.034775087,15.91695502,22,223.633,6.672,81.2,82.63333333,25.09607143,51.875,223.9096667,6.731333333
25.09607143,51.875,31.75,78,6.653928571,26.125,22,223.9096667,6.731333333,82.63333333,84.06666667,24.41843972,44.5212766,224.1863333,6.790666667
24.41843972,44.5212766,33.22304965,73.04964539,8.804609929,28.52836879,22,224.1863333,6.790666667,84.06666667,85.5,23.60071174,45.09608541,224.463,6.85
23.60071174,45.09608541,32.09227758,79.15658363,8.491565836,34.06049822,22,224.463,6.85,85.5,85.58882353,26.27242647,74.72426471,224.4523941,6.811188235
26.27242647,74.72426471,33.70856618,75.26838235,7.436139706,0.544117647,21.97647059,224.4523941,6.811188235,85.58882353,85.67764706,27.57849462,83.43369176,224.4417882,6.772376471
27.57849462,83.43369176,33.45,74,5.871505376,-9.433691756,21.95294118,224.4417882,6.772376471,85.67764706,85.76647059,28.08321429,81.90714286,224.4311824,6.733564706
28.08321429,81.90714286,34.7835,74,6.700285714,-7.907142857,21.92941176,224.4311824,6.733564706,85.76647059,85.85529412,28.24036364,81.95636364,224.4205765,6.694752941
28.24036364,81.95636364,35.97152727,74,7.731163636,-7.956363636,21.90588235,224.4205765,6.694752941,85.85529412,85.94411765,28.48592593,79.51111111,224.4099706,6.655941176
28.48592593,79.51111111,33.5202963,74,5.03437037,-5.511111111,21.88235294,224.4099706,6.655941176,85.94411765,86.03294118,28.50074349,79,224.3993647,6.617129412
28.50074349,79,32.83698885,75.44237918,4.336245353,-3.557620818,21.85882353,224.3993647,6.617129412,86.03294118,86.12176471,28.59778598,78.96309963,224.3887588,6.578317647
28.59778598,78.96309963,31.75,78,3.152214022,-0.963099631,21.83529412,224.3887588,6.578317647,86.12176471,86.21058824,28.66867925,79,224.3781529,6.539505882
28.66867925,79,31.75,78,3.081320755,-1,21.81176471,224.3781529,6.539505882,86.21058824,86.29941176,28.65,79,224.3675471,6.500694118
28.65,79,31.75,78,3.1,-1,21.78823529,224.3675471,6.500694118,86.29941176,86.38823529,28.68928058,78.92553957,224.3569412,6.461882353
28.68928058,78.92553957,31.173,79.6,,,21.76470588,224.3569412,6.461882353,86.38823529,86.47705882,28.72856115,78.85107914,224.3463353,6.423070588
28.72856115,78.85107914,30.596,81.2,,,21.74117647,224.3463353,6.423070588,86.47705882,86.56588235,28.76784173,78.77661871,224.3357294,6.384258824
28.76784173,78.77661871,30.019,82.8,,,21.71764706,224.3357294,6.384258824,86.56588235,86.65470588,28.8071223,78.70215827,224.3251235,6.345447059
28.8071223,78.70215827,29.442,84.4,,,21.69411765,224.3251235,6.345447059,86.65470588,86.74352941,28.84640288,78.62769784,224.3145176,6.306635294
28.84640288,78.62769784,28.865,86,,,21.67058824,224.3145176,6.306635294,86.74352941,86.83235294,28.88568345,78.55323741,224.3039118,6.267823529
28.88568345,78.55323741,28.288,87.6,,,21.64705882,224.3039118,6.267823529,86.83235294,86.92117647,28.92496403,78.47877698,224.2933059,6.229011765
28.92496403,78.47877698,27.711,89.2,,,21.62352941,224.2933059,6.229011765,86.92117647,87.01,28.9642446,78.40431655,224.2827,6.1902
28.9642446,78.40431655,27.134,90.8,,,21.6,224.2827,6.1902,87.01,87.09882353,29.00352518,78.32985612,224.2720941,6.151388235
29.00352518,78.32985612,26.557,92.4,,,21.57647059,224.2720941,6.151388235,87.09882353,87.18764706,29.04280576,78.25539568,224.2614882,6.112576471
29.04280576,78.25539568,25.98,94,-3.062805755,15.74460432,21.55294118,224.2614882,6.112576471,87.18764706,87.27647059,29.13927273,78.02181818,224.2508824,6.073764706
29.13927273,78.02181818,29.24181818,90.45454545,0.102545455,12.43272727,21.52941176,224.2508824,6.073764706,87.27647059,87.36529412,29.2306338,78.09859155,224.2402765,6.034952941
29.2306338,78.09859155,32.10728873,82.74295775,2.87665493,4.644366197,21.50588235,224.2402765,6.034952941,87.36529412,87.45411765,29.23401361,78.57482993,224.2296706,5.996141176
29.23401361,78.57482993,31.49187075,74.01360544,2.257857143,-4.56122449,21.48235294,224.2296706,5.996141176,87.45411765,87.54294118,29.26462585,78.67687075,224.2190647,5.957329412
29.26462585,78.67687075,32.6462585,72.7414966,3.381632653,-5.93537415,21.45882353,224.2190647,5.957329412,87.54294118,87.63176471,29.32866894,78.41979522,224.2084588,5.918517647
29.32866894,78.41979522,32.52,83,3.191331058,4.580204778,21.43529412,224.2084588,5.918517647,87.63176471,87.72058824,29.40068493,78.40410959,224.1978529,5.879705882
29.40068493,78.40410959,33.94376712,78.18493151,4.543082192,-0.219178082,21.41176471,224.1978529,5.879705882,87.72058824,87.80941176,29.44146341,78.17421603,224.1872471,5.840894118
29.44146341,78.17421603,34.04560976,72.45296167,4.604146341,-5.721254355,21.38823529,224.1872471,5.840894118,87.80941176,87.89823529,29.46109215,77.99658703,224.1766412,5.802082353
29.46109215,77.99658703,33.90726962,72.81228669,4.446177474,-5.184300341,21.36470588,224.1766412,5.802082353,87.89823529,87.98705882,29.41271478,78,224.1660353,5.763270588
29.41271478,78,33.45,74,4.037285223,-4,21.34117647,224.1660353,5.763270588,87.98705882,88.07588235,29.40547945,78.03424658,224.1554294,5.724458824
29.40547945,78.03424658,32.50934932,78.93150685,3.103869863,0.897260274,21.31764706,224.1554294,5.724458824,88.07588235,88.16470588,29.45451264,78.14079422,224.1448235,5.685647059
29.45451264,78.14079422,30.58,89,1.125487365,10.85920578,21.29411765,224.1448235,5.685647059,88.16470588,88.25352941,29.48168498,78,224.1342176,5.646835294
29.48168498,78,30.58,89,1.098315018,11,21.27058824,224.1342176,5.646835294,88.25352941,88.34235294,29.4752809,78.13483146,224.1236118,5.608023529
29.4752809,78.13483146,30.58,89,1.104719101,10.86516854,21.24705882,224.1236118,5.608023529,88.34235294,88.43117647,29.5,78,224.1130059,5.569211765
29.5,78,30.58,89,1.08,11,21.22352941,224.1130059,5.569211765,88.43117647,88.52,29.50148276,77.99482759,224.1024,5.5304
29.50148276,77.99482759,30.52,88.4,,,21.2,224.1024,5.5304,88.52,88.60882353,29.50296552,77.98965517,224.0917941,5.491588235
29.50296552,77.98965517,30.46,87.8,,,21.17647059,224.0917941,5.491588235,88.60882353,88.69764706,29.50444828,77.98448276,224.0811882,5.452776471
29.50444828,77.98448276,30.4,87.2,,,21.15294118,224.0811882,5.452776471,88.69764706,88.78647059,29.50593103,77.97931034,224.0705824,5.413964706
29.50593103,77.97931034,30.34,86.6,,,21.12941176,224.0705824,5.413964706,88.78647059,88.87529412,29.50741379,77.97413793,224.0599765,5.375152941
29.50741379,77.97413793,30.28,86,,,21.10588235,224.0599765,5.375152941,88.87529412,88.96411765,29.50889655,77.96896552,224.0493706,5.336341176
29.50889655,77.96896552,30.22,85.4,,,21.08235294,224.0493706,5.336341176,88.96411765,89.05294118,29.51037931,77.9637931,224.0387647,5.297529412
29.51037931,77.9637931,30.16,84.8,,,21.05882353,224.0387647,5.297529412,89.05294118,89.14176471,29.51186207,77.95862069,224.0281588,5.258717647
29.51186207,77.95862069,30.1,84.2,,,21.03529412,224.0281588,5.258717647,89.14176471,89.23058824,29.51334483,77.95344828,224.0175529,5.219905882
29.51334483,77.95344828,30.04,83.6,,,21.01176471,224.0175529,5.219905882,89.23058824,89.31941176,29.51482759,77.94827586,224.0069471,5.181094118
29.51482759,77.94827586,29.98,83,0.465172414,5.051724138,20.98823529,224.0069471,5.181094118,89.31941176,89.40823529,29.39353741,77.98639456,223.9963412,5.142282353
29.39353741,77.98639456,29.98,83,0.586462585,5.013605442,20.96470588,223.9963412,5.142282353,89.40823529,89.49705882,29.38419244,77.58762887,223.9857353,5.103470588
29.38419244,77.58762887,30.46247423,87.82474227,1.078281787,10.2371134,20.94117647,223.9857353,5.103470588,89.49705882,89.58588235,29.34657534,77.73287671,223.9751294,5.064658824
29.34657534,77.73287671,30.58,89,1.233424658,11.26712329,20.91764706,223.9751294,5.064658824,89.58588235,89.67470588,29.34226804,77.59793814,223.9645235,5.025847059
29.34226804,77.59793814,30.58206186,89,1.239793814,11.40206186,20.89411765,223.9645235,5.025847059,89.67470588,89.76352941,29.37739726,77.56506849,223.9539176,4.987035294
29.37739726,77.56506849,30.58256849,89,1.205171233,11.43493151,20.87058824,223.9539176,4.987035294,89.76352941,89.85235294,29.41399317,77.98976109,223.9433118,4.948223529
29.41399317,77.98976109,29.07283276,89,-0.34116041,11.01023891,20.84705882,223.9433118,4.948223529,89.85235294,89.94117647,29.66055363,77.51903114,223.9327059,4.909411765
29.66055363,77.51903114,25.98,89,-3.680553633,11.48096886,20.82352941,223.9327059,4.909411765,89.94117647,90.03,29.74328859,78,223.9221,4.8706
29.74328859,78,26.9061745,89,-2.837114094,11,20.8,223.9221,4.8706,90.03,90.11882353,29.70833333,75.41333333,223.9114941,4.831788235
29.70833333,75.41333333,31.5706,79.68666667,1.862266667,4.273333333,20.77647059,223.9114941,4.831788235,90.11882353,90.20764706,28.97315436,62.88590604,223.9008882,4.792976471
28.97315436,62.88590604,31.75251678,78,2.779362416,15.11409396,20.75294118,223.9008882,4.792976471,90.20764706,90.29647059,29.50466667,73.5,223.8902824,4.754164706
29.50466667,73.5,31.75,78,2.245333333,4.5,20.72941176,223.8902824,4.754164706,90.29647059,90.38529412,29.39862543,76.90034364,223.8796765,4.715352941
29.39862543,76.90034364,29.97185567,78,0.573230241,1.099656357,20.70588235,223.8796765,4.715352941,90.38529412,90.47411765,29.34671533,78,223.8690706,4.676541176
29.34671533,78,29.51,78,0.163284672,0,20.68235294,223.8690706,4.676541176,90.47411765,90.56294118,29.34922606,78,223.8584647,4.637729412
29.34922606,78,29.47636364,78.45454545,,,20.65882353,223.8584647,4.637729412,90.56294118,90.65176471,29.35173678,78,223.8478588,4.598917647
29.35173678,78,29.44272727,78.90909091,,,20.63529412,223.8478588,4.598917647,90.65176471,90.74058824,29.35424751,78,223.8372529,4.560105882
29.35424751,78,29.40909091,79.36363636,,,20.61176471,223.8372529,4.560105882,90.74058824,90.82941176,29.35675824,78,223.8266471,4.521294118
29.35675824,78,29.37545455,79.81818182,,,20.58823529,223.8266471,4.521294118,90.82941176,90.91823529,29.35926897,78,223.8160412,4.482482353
29.35926897,78,29.34181818,80.27272727,,,20.56470588,223.8160412,4.482482353,90.91823529,91.00705882,29.36177969,78,223.8054353,4.443670588
29.36177969,78,29.30818182,80.72727273,,,20.54117647,223.8054353,4.443670588,91.00705882,91.09588235,29.36429042,78,223.7948294,4.404858824
29.36429042,78,29.27454545,81.18181818,,,20.51764706,223.7948294,4.404858824,91.09588235,91.18470588,29.36680115,78,223.7842235,4.366047059
29.36680115,78,29.24090909,81.63636364,,,20.49411765,223.7842235,4.366047059,91.18470588,91.27352941,29.36931188,78,223.7736176,4.327235294
29.36931188,78,29.20727273,82.09090909,,,20.47058824,223.7736176,4.327235294,91.27352941,91.36235294,29.37182261,78,223.7630118,4.288423529
29.37182261,78,29.17363636,82.54545455,,,20.44705882,223.7630118,4.288423529,91.36235294,91.45117647,29.37433333,78,223.7524059,4.249611765
29.37433333,78,29.14,83,-0.234333333,5,20.42352941,223.7524059,4.249611765,91.45117647,91.54,29.39003322,78,223.7418,4.2108
29.39003322,78,29.98,83,0.589966777,5,20.4,223.7418,4.2108,91.54,91.62882353,29.41326531,78.01360544,223.7311941,4.171988235
29.41326531,78.01360544,30.48612245,88.06122449,1.072857143,10.04761905,20.37647059,223.7311941,4.171988235,91.62882353,91.71764706,29.5637037,80.08888889,223.7205882,4.133176471
29.5637037,80.08888889,30.58,89,1.016296296,8.911111111,20.35294118,223.7205882,4.133176471,91.71764706,91.80647059,29.46382979,78.04964539,223.7099824,4.094364706
29.46382979,78.04964539,30.58248227,89,1.118652482,10.95035461,20.32941176,223.7099824,4.094364706,91.80647059,91.89529412,29.14014599,70.62408759,223.6993765,4.055552941
29.14014599,70.62408759,31.1959854,87.09489051,2.055839416,16.47080292,20.30588235,223.6993765,4.055552941,91.89529412,91.98411765,28.54892857,63.1,223.6887706,4.016741176
28.54892857,63.1,32.52,83,3.971071429,19.9,20.28235294,223.6887706,4.016741176,91.98411765,92.07294118,27.05261324,59.33449477,223.6781647,3.977929412
27.05261324,59.33449477,32.52,83,5.46738676,23.66550523,20.25882353,223.6781647,3.977929412,92.07294118,92.16176471,26.71452703,59.96621622,223.6675588,3.939117647
26.71452703,59.96621622,33.23807432,81.52702703,6.523547297,21.56081081,20.23529412,223.6675588,3.939117647,92.16176471,92.25058824,26.60875421,67.62289562,223.6569529,3.900305882
26.60875421,67.62289562,33.61828283,74.82491582,7.00952862,7.202020202,20.21176471,223.6569529,3.900305882,92.25058824,92.33941176,27.77013423,73.30872483,223.6463471,3.861494118
27.77013423,73.30872483,33.45483221,74,5.684697987,0.691275168,20.18823529,223.6463471,3.861494118,92.33941176,92.42823529,28.36804511,73,223.6357412,3.822682353
28.36804511,73,31.75285714,74,3.38481203,1,20.16470588,223.6357412,3.822682353,92.42823529,92.51705882,28.55135135,74.02364865,223.6251353,3.783870588
28.55135135,74.02364865,31.17,74,2.618648649,-0.023648649,20.14117647,223.6251353,3.783870588,92.51705882,92.60588235,28.62363014,76.25684932,223.6145294,3.745058824
28.62363014,76.25684932,30.73863014,70.78082192,2.115,-5.476027397,20.11764706,223.6145294,3.745058824,92.60588235,92.69470588,28.7,77,223.6039235,3.706247059
28.7,77,30.5,69,1.8,-8,20.09411765,223.6039235,3.706247059,92.69470588,92.78352941,28.72983278,77.01103679,223.5933176,3.667435294
28.72983278,77.01103679,30.47983278,69.07525084,,,20.07058824,223.5933176,3.667435294,92.78352941,92.87235294,28.75966555,77.02207358,223.5827118,3.628623529
28.75966555,77.02207358,30.45966555,69.15050167,,,20.04705882,223.5827118,3.628623529,92.87235294,92.96117647,28.78949833,77.03311037,223.5721059,3.589811765
28.78949833,77.03311037,30.43949833,69.22575251,,,20.02352941,223.5721059,3.589811765,92.96117647,93.05,28.8193311,77.04414716,223.5615,3.551
28.8193311,77.04414716,30.4193311,69.30100334,,,20,223.5615,3.551,93.05,93.13882353,28.84916388,77.05518395,223.5508941,3.512188235
28.84916388,77.05518395,30.39916388,69.37625418,,,19.97647059,223.5508941,3.512188235,93.13882353,93.22764706,28.87899666,77.06622074,223.5402882,3.473376471
28.87899666,77.06622074,30.37899666,69.45150502,,,19.95294118,223.5402882,3.473376471,93.22764706,93.31647059,28.90882943,77.07725753,223.5296824,3.434564706
28.90882943,77.07725753,30.35882943,69.52675585,,,19.92941176,223.5296824,3.434564706,93.31647059,93.40529412,28.93866221,77.08829431,223.5190765,3.395752941
28.93866221,77.08829431,30.33866221,69.60200669,,,19.90588235,223.5190765,3.395752941,93.40529412,93.49411765,28.96849498,77.0993311,223.5084706,3.356941176
28.96849498,77.0993311,30.31849498,69.67725753,,,19.88235294,223.5084706,3.356941176,93.49411765,93.58294118,28.99832776,77.11036789,223.4978647,3.318129412
28.99832776,77.11036789,30.29832776,69.75250836,1.3,-7.357859532,19.85882353,223.4978647,3.318129412,93.58294118,93.67176471,29.06907216,77.69072165,223.4872588,3.279317647
29.06907216,77.69072165,32.21553265,69.78694158,3.146460481,-7.903780069,19.83529412,223.4872588,3.279317647,93.67176471,93.76058824,29.31582734,77.26978417,223.4766529,3.240505882
29.31582734,77.26978417,32.68,70,3.364172662,-7.269784173,19.81176471,223.4766529,3.240505882,93.76058824,93.84941176,28.95070922,70.85460993,223.4660471,3.201694118
28.95070922,70.85460993,32.68,70,3.72929078,-0.854609929,19.78823529,223.4660471,3.201694118,93.84941176,93.93823529,25.15638298,43.13829787,223.4554412,3.162882353
25.15638298,43.13829787,32.68,70,7.523617021,26.86170213,19.76470588,223.4554412,3.162882353,93.93823529,94.02705882,25.5845283,58.66792453,223.4448353,3.124070588
25.5845283,58.66792453,32.68,70,7.095471698,11.33207547,19.74117647,223.4448353,3.124070588,94.02705882,94.11588235,27.12962963,64.1,223.4342294,3.085258824
27.12962963,64.1,32.68,70,5.55037037,5.9,19.71764706,223.4342294,3.085258824,94.11588235,94.20470588,27.83388889,69.61666667,223.4236235,3.046447059
27.83388889,69.61666667,34.38683333,70,6.552944444,0.383333333,19.69411765,223.4236235,3.046447059,94.20470588,94.29352941,28.23611111,78.43055556,223.4130176,3.007635294
28.23611111,78.43055556,34.2246875,66.70833333,5.988576389,-11.72222222,19.67058824,223.4130176,3.007635294,94.29352941,94.38235294,28.63932203,79.82033898,223.4024118,2.968823529
28.63932203,79.82033898,33.62271186,63.96610169,4.983389831,-15.85423729,19.64705882,223.4024118,2.968823529,94.38235294,94.47117647,28.67006803,80.7755102,223.3918059,2.930011765
28.67006803,80.7755102,32.86306122,69.46938776,4.192993197,-11.30612245,19.62352941,223.3918059,2.930011765,94.47117647,94.56,28.6745583,79.06360424,223.3812,2.8912
28.6745583,79.06360424,32.62413428,73.43462898,3.949575972,-5.628975265,19.6,223.3812,2.8912,94.56,94.64882353,28.76072727,79.02181818,223.3705941,2.852388235
28.76072727,79.02181818,31.35770909,75.29454545,2.596981818,-3.727272727,19.57647059,223.3705941,2.852388235,94.64882353,94.73764706,28.7905303,80.00757576,223.3599882,2.813576471
28.7905303,80.00757576,31.75,78,2.959469697,-2.007575758,19.55294118,223.3599882,2.813576471,94.73764706,94.82647059,28.8,81,223.3493824,2.774764706
28.8,81,31.75,78,2.95,-3,19.52941176,223.3493824,2.774764706,94.82647059,94.91529412,28.823,80.9,223.3387765,2.735952941
28.823,80.9,31.173,79.6,,,19.50588235,223.3387765,2.735952941,94.91529412,95.00411765,28.846,80.8,223.3281706,2.697141176
28.846,80.8,30.596,81.2,,,19.48235294,223.3281706,2.697141176,95.00411765,95.09294118,28.869,80.7,223.3175647,2.658329412
28.869,80.7,30.019,82.8,,,19.45882353,223.3175647,2.658329412,95.09294118,95.18176471,28.892,80.6,223.3069588,2.619517647
28.892,80.6,29.442,84.4,,,19.43529412,223.3069588,2.619517647,95.18176471,95.27058824,28.915,80.5,223.2963529,2.580705882
28.915,80.5,28.865,86,,,19.41176471,223.2963529,2.580705882,95.27058824,95.35941176,28.938,80.4,223.2857471,2.541894118
28.938,80.4,28.288,87.6,,,19.38823529,223.2857471,2.541894118,95.35941176,95.44823529,28.961,80.3,223.2751412,2.503082353
28.961,80.3,27.711,89.2,,,19.36470588,223.2751412,2.503082353,95.44823529,95.53705882,28.984,80.2,223.2645353,2.464270588
28.984,80.2,27.134,90.8,,,19.34117647,223.2645353,2.464270588,95.53705882,95.62588235,29.007,80.1,223.2539294,2.425458824
29.007,80.1,26.557,92.4,,,19.31764706,223.2539294,2.425458824,95.62588235,95.71470588,29.03,80,223.2433235,2.386647059
29.03,80,25.98,94,-3.05,14,19.29411765,223.2433235,2.386647059,95.71470588,95.80352941,29.03833333,80.60833333,223.2327176,2.347835294
29.03833333,80.60833333,25.98,94,-3.058333333,13.39166667,19.27058824,223.2327176,2.347835294,95.80352941,95.89235294,29.06765799,80.23420074,223.2221118,2.309023529
29.06765799,80.23420074,25.98,94,-3.087657993,13.76579926,19.24705882,223.2221118,2.309023529,95.89235294,95.98117647,26.10755396,61.39928058,223.2115059,2.270211765
26.10755396,61.39928058,30.40014388,94,4.292589928,32.60071942,19.22352941,223.2115059,2.270211765,95.98117647,96.07,25.47624521,61.60153257,223.2009,2.2314
25.47624521,61.60153257,32.33731801,91.43295019,6.861072797,29.83141762,19.2,223.2009,2.2314,96.07,96.15882353,26.28231047,72.18772563,223.1902941,2.192588235
26.28231047,72.18772563,31.84823105,92.44765343,5.565920578,20.2599278,19.17647059,223.1902941,2.192588235,96.15882353,96.24764706,26.38314607,72.52808989,223.1796882,2.153776471
26.38314607,72.52808989,34.10696629,87.55805243,7.723820225,15.02996255,19.15294118,223.1796882,2.153776471,96.24764706,96.33647059,26.17804878,70.17073171,223.1690824,2.114964706
26.17804878,70.17073171,35.58,84,9.40195122,13.82926829,19.12941176,223.1690824,2.114964706,96.33647059,96.42529412,26.25952381,74.76785714,223.1584765,2.076152941
26.25952381,74.76785714,35.58,84,9.32047619,9.232142857,19.10588235,223.1584765,2.076152941,96.42529412,96.51411765,27.39100719,83.25179856,223.1478706,2.037341176
27.39100719,83.25179856,35.58,84,8.188992806,0.748201439,19.08235294,223.1478706,2.037341176,96.51411765,96.60294118,27.93103448,84.10344828,223.1372647,1.998529412
27.93103448,84.10344828,34.6922069,80,6.761172414,-4.103448276,19.05882353,223.1372647,1.998529412,96.60294118,96.69176471,28.2,83.2,223.1266588,1.959717647
28.2,83.2,34.47,79,6.27,-4.2,19.03529412,223.1266588,1.959717647,96.69176471,96.78058824,28.42166065,83,223.1160529,1.920905882
28.42166065,83,34.47,79,6.04833935,-4,19.01176471,223.1160529,1.920905882,96.78058824,96.86941176,28.57887324,82.72183099,223.1054471,1.882094118
28.57887324,82.72183099,32.20014085,78.16549296,3.621267606,-4.556338028,18.98823529,223.1054471,1.882094118,96.86941176,96.95823529,28.6,83,223.0948412,1.843282353
28.6,83,31.75,78,3.15,-5,18.96470588,223.0948412,1.843282353,96.95823529,97.04705882,28.63658363,82.89608541,223.0842353,1.804470588
28.63658363,82.89608541,31.79774733,77.91708185,,,18.94117647,223.0842353,1.804470588,97.04705882,97.13588235,28.67316726,82.79217082,223.0736294,1.765658824
28.67316726,82.79217082,31.84549466,77.8341637,,,18.91764706,223.0736294,1.765658824,97.13588235,97.22470588,28.70975089,82.68825623,223.0630235,1.726847059
28.70975089,82.68825623,31.89324199,77.75124555,,,18.89411765,223.0630235,1.726847059,97.22470588,97.31352941,28.74633452,82.58434164,223.0524176,1.688035294
28.74633452,82.58434164,31.94098932,77.6683274,,,18.87058824,223.0524176,1.688035294,97.31352941,97.40235294,28.78291815,82.48042705,223.0418118,1.649223529
28.78291815,82.48042705,31.98873665,77.58540925,,,18.84705882,223.0418118,1.649223529,97.40235294,97.49117647,28.81950178,82.37651246,223.0312059,1.610411765
28.81950178,82.37651246,32.03648399,77.5024911,,,18.82352941,223.0312059,1.610411765,97.49117647,97.58,28.85608541,82.27259786,223.0206,1.5716
28.85608541,82.27259786,32.08423132,77.41957295,,,18.8,223.0206,1.5716,97.58,97.66882353,28.89266904,82.16868327,223.0099941,1.532788235
28.89266904,82.16868327,32.13197865,77.3366548,,,18.77647059,223.0099941,1.532788235,97.66882353,97.75764706,28.92925267,82.06476868,222.9993882,1.493976471
28.92925267,82.06476868,32.17972598,77.25373665,,,18.75294118,222.9993882,1.493976471,97.75764706,97.84647059,28.9658363,81.96085409,222.9887824,1.455164706
28.9658363,81.96085409,32.22747331,77.17081851,3.261637011,-4.790035587,18.72941176,222.9887824,1.455164706,97.84647059,97.93529412,29.08924731,81.97491039,222.9781765,1.416352941
29.08924731,81.97491039,28.57498208,83,-0.514265233,1.025089606,18.70588235,222.9781765,1.416352941,97.93529412,98.02411765,29.18587361,81.94423792,222.9675706,1.377541176
29.18587361,81.94423792,31.96605948,77.62825279,2.780185874,-4.31598513,18.68235294,222.9675706,1.377541176,98.02411765,98.11294118,29.31963636,81.78181818,222.9569647,1.338729412
29.31963636,81.78181818,33.6572,70.84363636,4.337563636,-10.93818182,18.65882353,222.9569647,1.338729412,98.11294118,98.20176471,29.42692308,82,222.9463588,1.299917647
29.42692308,82,34.65946154,65.47692308,5.232538462,-16.52307692,18.63529412,222.9463588,1.299917647,98.20176471,98.29058824,29.42916667,75.30681818,222.9357529,1.261105882
29.42916667,75.30681818,35.31,62,5.880833333,-13.30681818,18.61176471,222.9357529,1.261105882,98.29058824,98.37941176,29.47420635,75.61507937,222.9251471,1.222294118
29.47420635,75.61507937,36.24261905,58.6984127,6.768412698,-16.91666667,18.58823529,222.9251471,1.222294118,98.37941176,98.46823529,29.12412451,77.98832685,222.9145412,1.183482353
29.12412451,77.98832685,36.43980545,58,7.315680934,-19.98832685,18.56470588,222.9145412,1.183482353,98.46823529,98.55705882,28.88172043,67.04301075,222.9039353,1.144670588
28.88172043,67.04301075,36.43982079,58,7.558100358,-9.043010753,18.54117647,222.9039353,1.144670588,98.55705882,98.64588235,26.8362963,47.45555556,222.8933294,1.105858824
26.8362963,47.45555556,36.40785185,58.57777778,9.571555556,11.12222222,18.51764706,222.8933294,1.105858824,98.64588235,98.73470588,26.26285714,55.07142857,222.8827235,1.067047059
26.26285714,55.07142857,34.83042857,58,8.567571429,2.928571429,18.49411765,222.8827235,1.067047059,98.73470588,98.82352941,25.87445255,59.83211679,222.8721176,1.028235294
25.87445255,59.83211679,34.32,58,8.445547445,-1.832116788,18.47058824,222.8721176,1.028235294,98.82352941,98.91235294,27.35884615,73.70769231,222.8615118,0.989423529
27.35884615,73.70769231,33.96246154,59.27692308,6.603615385,-14.43076923,18.44705882,222.8615118,0.989423529,98.91235294,99.00117647,27.97529412,76.66666667,222.8509059,0.950611765
27.97529412,76.66666667,33.2,62,5.224705882,-14.66666667,18.42352941,222.8509059,0.950611765,99.00117647,99.09,28,77,222.8403,0.9118
28,77,33.2,62,5.2,-15,18.4,222.8403,0.9118,99.09,99.17882353,28.12139286,77.5175,222.8296941,0.872988235
28.12139286,77.5175,33.19395357,62.78285714,,,18.37647059,222.8296941,0.872988235,99.17882353,99.26764706,28.24278571,78.035,222.8190882,0.834176471
28.24278571,78.035,33.18790714,63.56571429,,,18.35294118,222.8190882,0.834176471,99.26764706,99.35647059,28.36417857,78.5525,222.8084824,0.795364706
28.36417857,78.5525,33.18186071,64.34857143,,,18.32941176,222.8084824,0.795364706,99.35647059,99.44529412,28.48557143,79.07,222.7978765,0.756552941
28.48557143,79.07,33.17581429,65.13142857,,,18.30588235,222.7978765,0.756552941,99.44529412,99.53411765,28.60696429,79.5875,222.7872706,0.717741176
28.60696429,79.5875,33.16976786,65.91428571,,,18.28235294,222.7872706,0.717741176,99.53411765,99.62294118,28.72835714,80.105,222.7766647,0.678929412
28.72835714,80.105,33.16372143,66.69714286,,,18.25882353,222.7766647,0.678929412,99.62294118,99.71176471,28.84975,80.6225,222.7660588,0.640117647
28.84975,80.6225,33.157675,67.48,,,18.23529412,222.7660588,0.640117647,99.71176471,99.80058824,28.97114286,81.14,222.7554529,0.601305882
28.97114286,81.14,33.15162857,68.26285714,,,18.21176471,222.7554529,0.601305882,99.80058824,99.88941176,29.09253571,81.6575,222.7448471,0.562494118
29.09253571,81.6575,33.14558214,69.04571429,,,18.18823529,222.7448471,0.562494118,99.88941176,99.97823529,29.21392857,82.175,222.7342412,0.523682353
29.21392857,82.175,33.13953571,69.82857143,3.925607143,-12.34642857,18.16470588,222.7342412,0.523682353,99.97823529,100.0670588,29.31567164,82.03358209,222.7236353,0.484870588
29.31567164,82.03358209,35.42358209,68.76119403,6.107910448,-13.27238806,18.14117647,222.7236353,0.484870588,100.0670588,100.1558824,29.33467153,82.26277372,222.7130294,0.446058824
29.33467153,82.26277372,36.39,66,7.055328467,-16.26277372,18.11764706,222.7130294,0.446058824,100.1558824,100.2447059,29.31641221,80.72137405,222.7024235,0.407247059
29.31641221,80.72137405,38.1878626,66,8.871450382,-14.72137405,18.09411765,222.7024235,0.407247059,100.2447059,100.3335294,29.24761905,80.18650794,222.6918176,0.368435294
29.24761905,80.18650794,38.47261905,67.38095238,9.225,-12.80555556,18.07058824,222.6918176,0.368435294,100.3335294,100.4223529,29.39433198,79.30769231,222.6812118,0.329623529
29.39433198,79.30769231,37.74684211,70,8.352510121,-9.307692308,18.04705882,222.6812118,0.329623529,100.4223529,100.5111765,29.32851711,75.74144487,222.6706059,0.290811765
29.32851711,75.74144487,38.96961977,68.61596958,9.641102662,-7.125475285,18.02352941,222.6706059,0.290811765,100.5111765,100.6,27.84550898,59.49101796,222.66,0.252
27.84550898,59.49101796,38.95,66,11.10449102,6.508982036,18,222.66,0.252,100.6,100.6,27.84550898,59.49101796,222.66,0.252
